MSA_CODE,11-0000,13-0000,15-0000,17-0000,19-0000,21-0000,23-0000,25-0000,27-0000,29-0000,31-0000,33-0000,35-0000,37-0000,39-0000,41-0000,43-0000,45-0000,47-0000,49-0000,51-0000,53-0000,55-0000
10180,2030,2230,920,710,380,920,320,4540,830,5040,3150,1890,7150,1880,2460,7150,9770,170,3450,2720,2390,3860,0
10380,1390,1500,590,1830,190,530,-1,4800,190,1990,490,770,4180,2030,600,6410,7100,200,1420,1190,4190,2010,0
10420,16610,16050,7820,5900,1960,5140,2190,20680,3620,22460,10940,6600,30750,9630,8220,34210,52890,230,9970,12910,27060,21510,0
10500,2380,2190,670,670,200,1060,250,4510,370,4600,1260,2270,5050,1410,1680,6500,9550,310,2070,3470,3190,4580,0
10540,1920,1040,290,640,240,740,80,3120,370,1670,1480,820,3610,1460,2280,3530,5910,560,1860,1870,4580,4580,0
10580,23040,26030,15510,10790,6710,9910,5360,35020,5350,28410,13550,9490,35530,15270,13990,39430,75920,230,16570,16080,17270,23090,0
10740,19140,19340,8980,12970,3760,6100,3600,21920,5330,26140,14010,10850,37390,11720,17410,38520,60440,290,17940,13640,11560,20530,0
10780,2450,2000,350,600,460,1160,300,3580,250,5960,2360,2080,4990,2020,3250,7230,8910,240,2550,2700,3990,3680,0
10900,12820,13090,6850,6370,1840,5710,1460,21150,3310,26760,12260,6840,31020,11000,14650,34050,57750,280,11450,13900,26730,35410,0
11020,1670,1690,650,620,200,1440,220,2920,530,4730,2370,1000,5410,1630,2130,6810,9680,0,2450,2600,4730,4590,0
11100,3510,4080,1530,1670,590,1510,600,7750,1310,7510,3020,3880,11980,3830,3350,13950,18070,450,4940,5960,8170,7760,0
11180,2790,2750,1440,910,1520,460,170,3970,670,2120,1030,530,4670,1520,1410,3860,5410,90,1980,1910,2520,1970,0
11244,100990,109150,54790,37830,12700,17070,12770,78220,23540,73460,34600,24550,150080,53150,45050,167660,263330,1890,71760,45850,104910,79780,0
11260,9820,9190,3370,5070,2590,3990,1500,9280,2110,10010,4710,3990,17060,5710,8400,16320,29310,100,8960,7880,3590,13220,0
11460,11480,11080,8090,5870,9740,2600,960,23650,3000,15140,7000,2500,18050,5310,6210,16060,30970,-1,3240,5780,11210,8330,0
11500,1160,1240,350,430,150,390,120,2330,500,2780,910,1060,4360,1120,870,4600,6310,0,1050,2460,5800,3140,0
11540,5570,5920,2680,2540,490,2310,410,6400,1340,5370,2630,1700,10420,3070,3290,14970,16970,160,6130,5130,16480,8820,0
11640,920,650,210,220,110,510,50,3390,80,2220,740,520,2660,960,360,4400,4710,0,670,820,2440,1300,0
11700,5760,5630,1940,2580,1010,2680,910,10160,1520,16170,9240,4110,24240,7120,4890,20880,27120,410,5650,7120,14900,11400,0
12020,3970,2780,1220,680,2860,960,440,8310,830,6100,1870,1570,9780,2490,2310,8390,13210,190,2110,2910,5060,4830,0
12060,166550,167020,114580,41020,12760,24950,22310,145470,36470,128200,54340,56580,238240,63900,56090,286430,401220,1800,81540,98050,140310,215540,0
12100,4560,4690,2090,970,460,2230,760,8920,2140,7580,4680,4980,18890,6160,9640,13750,15870,-1,4580,4630,2380,5700,0
12220,1920,1380,780,570,390,560,110,4830,540,2940,1370,680,7040,1780,1720,6330,6920,0,1500,1940,6630,3900,0
12260,9770,7610,2710,5610,1880,2290,760,14980,1510,18860,6830,6620,19530,7420,4540,22410,32300,450,7980,9670,16560,13610,0
12420,41370,59540,58880,24480,9080,10960,10290,58570,16370,44240,20030,20480,103130,28620,28240,108980,174130,1170,40400,30340,35280,40530,0
12540,11270,10240,4030,7750,2770,4800,870,22960,1970,13390,6210,9820,22890,7500,5180,25850,34340,40950,15660,12810,12170,20640,0
12580,74430,83420,62290,26880,16110,23440,14940,82360,15080,92230,38470,40800,106570,40480,39550,137130,213660,1290,56250,47540,41460,88950,0
12940,18040,16740,5910,8800,3590,4780,2650,20800,4470,22910,10250,11530,34180,11790,13430,38420,53650,340,39390,19500,25090,29710,0
12980,2440,3050,860,1040,-1,1220,170,3420,580,3780,1960,960,5040,1530,1990,4160,6490,0,1190,2470,8550,2970,0
13020,1300,1060,-1,300,160,670,150,1770,310,2520,1860,500,4310,930,900,4140,4870,60,920,1800,2780,2090,0
13140,6260,4910,1380,4690,1650,1580,870,9000,1090,10070,3230,4920,14830,4110,5780,17190,23740,250,12130,8510,15750,10430,0
13220,1650,1160,280,350,420,750,390,1990,180,4400,1590,1800,4510,1490,1750,4980,6530,50,1990,2170,1240,3320,0
13380,3430,3810,1310,1310,580,1190,390,5830,1210,4150,2290,1470,8870,2860,2470,9190,12250,310,4330,3260,6410,5250,0
13460,4140,2440,1270,880,850,1340,460,4030,990,4920,1930,1050,8900,3160,3000,9070,12490,180,4260,2490,3360,3880,0
13740,2700,3520,1230,1680,590,1920,700,3680,830,6430,2040,1330,9250,3200,2970,10990,13810,330,4990,4480,3340,6310,0
13780,4190,3480,2250,2040,470,1960,540,9420,1120,6750,3070,2140,9150,4410,4040,9700,16400,50,3770,3610,6030,7210,0
13820,21770,24060,12050,7330,2030,4250,4070,24060,5960,42710,13450,13250,41600,14100,11880,61580,83610,440,19970,23960,33870,38590,0
13900,4370,3820,1620,1470,830,1860,510,3740,1070,5340,2530,1540,6260,2550,3310,7730,10610,110,4170,3020,2180,5660,0
13980,2170,2560,1460,1150,1000,1290,230,8120,760,3370,1260,1490,6970,2050,2040,6470,9340,140,2270,2860,8740,3550,0
14010,6860,9090,4590,600,540,1070,1300,6480,1200,4140,1480,1660,9900,3120,2400,7700,14480,310,2340,3100,3290,4440,0
14020,3300,2440,1690,1270,1940,1020,420,6850,970,3910,1910,1250,7980,1910,2160,6550,9120,70,1850,2450,4860,3530,0
14100,1550,1760,1450,350,-1,790,0,2260,420,6100,2320,410,3310,1140,980,2880,7590,0,1200,1760,3400,2120,0
14260,17480,13920,8840,7450,2770,5160,2020,15950,4530,16590,7420,5750,26160,9660,10710,30700,49990,1910,15610,11600,16310,15870,0
14500,9210,12520,12860,7430,6320,2210,1290,11660,4170,9130,3430,2120,18280,4540,5490,18200,23060,390,4330,4470,8980,6150,0
14540,3060,2310,740,1100,330,1080,400,4980,780,4640,2040,790,7870,2100,2130,6950,9770,50,2860,3110,9740,5250,0
14740,2940,4630,1560,4180,1040,1200,420,5170,830,4190,2930,1660,9360,2490,2290,8420,10530,70,5900,5770,4050,4200,0
15180,3410,3060,700,700,380,1970,530,12690,890,7680,9400,4710,13610,4270,16610,14030,23100,140,2450,4580,5340,7400,0
15260,2210,1670,570,230,130,420,310,2360,770,2340,1110,1270,6460,2080,750,4260,5400,120,1350,1740,1510,2720,0
15380,23210,23920,12630,7250,4650,10270,4370,41680,5570,34950,15760,14920,52460,18210,19870,60020,92780,100,20140,19450,35540,30870,0
15500,2030,1380,630,470,170,510,120,4230,330,4490,2600,980,6910,1420,1610,7160,7940,40,2100,2390,8390,3310,0
15680,2310,5040,3850,5240,290,480,220,2310,370,1860,920,710,3310,1000,930,3190,5830,0,1370,2520,790,1450,0
15804,21070,25700,9860,8550,2270,10100,4760,46490,3680,33540,22780,12250,40680,14780,15990,54170,85780,620,16750,18270,23410,45830,0
15940,6180,4710,2370,1820,500,2050,670,9440,1520,12020,7920,2760,18170,5160,4460,18000,23550,80,7740,7170,17700,12180,0
15980,7370,8580,2860,2020,930,2140,1670,10880,3030,15980,8510,5710,33510,11910,7620,36530,39990,1250,18190,11770,6470,13270,0
16020,1720,1130,460,170,140,920,150,2670,530,4050,1520,540,4550,1440,1700,5100,6440,70,1450,1870,3460,2760,0
16060,1610,460,580,460,320,680,240,4740,560,4740,1720,1280,5620,1420,940,5350,8570,0,2050,1990,3640,2440,0
16180,1590,1940,800,690,460,440,370,1600,220,1800,780,930,2480,740,930,2380,5190,0,740,1140,1670,920,0
16220,1700,1200,320,720,470,560,240,2230,410,2530,1110,900,3810,1360,1320,4560,5500,0,3950,2510,2400,2810,0
16300,9980,7410,6030,3480,590,2120,900,8760,1830,7080,3660,2250,11400,3880,4130,12570,21070,140,6460,6480,9640,12470,0
16540,1740,1860,900,1110,160,980,170,3290,300,3090,1780,700,5110,1700,1570,5450,8010,110,1800,2910,5860,8750,0
16580,5910,3830,2280,1300,1060,1470,100,12260,970,6390,2780,1850,9950,3330,2190,8880,16020,240,2960,3280,5230,5150,0
16620,5400,5200,2490,1710,1350,1930,1800,4900,1190,10020,3280,3640,8780,3500,3210,10790,21560,70,5680,6150,4300,6860,0
16700,14860,14570,9990,7060,1660,3700,2820,18150,3510,23040,8640,8060,35410,12320,8570,36660,49290,480,14410,14660,19440,20420,0
16740,60520,79940,43500,17600,5330,11150,7710,56780,13710,60800,29970,27410,103640,30610,29500,133910,178480,1660,44390,48080,83860,92310,0
16820,4490,6440,3830,1470,2000,1660,780,10550,2020,9630,2920,3560,10140,3750,3810,10510,15500,490,4810,3180,2370,4340,0
16860,13820,8950,4520,4270,1090,2500,1300,11630,2210,16520,6470,4830,22370,7290,6030,24470,39410,510,7150,10900,21720,19530,0
16940,2180,2420,900,740,590,770,540,3050,550,2910,1070,950,3730,1750,1310,4540,7010,40,3110,2090,1120,4070,0
16974,276520,222940,127940,52790,21890,45100,33830,217200,47850,203490,103170,102810,300700,99590,108370,361940,568170,2710,96610,114330,239730,290920,0
16980,337400,262360,149500,67640,27750,55540,37730,278080,56840,255350,124990,119390,383510,130430,135790,456000,700350,3300,130510,152740,319760,367220,0
17020,3260,2350,1320,610,500,2070,400,6550,800,5590,2670,1270,8640,2890,3370,7620,11140,730,2700,2760,3330,3290,0
17140,53700,61250,32170,20000,8250,12380,5980,57210,12170,66930,32060,22190,101380,30160,27510,102320,165070,340,34770,39710,79890,77120,0
17300,4120,2540,920,810,390,1490,240,6080,580,5180,2870,1590,9340,2320,2150,9380,13600,40,2050,3750,9420,5730,0
17420,1750,820,250,690,250,710,80,2940,280,2370,1070,650,4510,1040,870,4180,5770,50,1240,1690,-1,-1,0
17460,48850,55150,28390,18200,8640,17110,8500,58020,12460,75970,38280,27230,92410,30730,24830,97590,162040,430,30850,36620,89180,65930,0
17660,2930,1800,670,670,770,1180,330,3190,420,3460,1760,1140,6310,1880,2570,6420,9870,270,3550,2300,3890,2570,0
17780,3170,3330,2350,1850,2630,1270,290,11760,1060,5610,2030,2170,11440,3120,2490,9880,21210,-1,4840,3690,5720,4860,0
17820,10970,17170,14430,7280,1710,4680,1340,18350,4340,15840,7190,6120,27950,9380,8930,31790,39760,450,11840,9430,8580,11560,0
17860,4130,4490,2920,1020,950,1900,460,6950,1720,8320,2500,940,10460,2780,3020,9660,14710,130,3260,3670,3340,4340,0
17900,17920,17500,10830,6330,2000,6180,4020,22020,4070,23820,9880,11470,31210,10660,9750,39670,62940,770,13300,16040,24840,28490,0
17980,5800,5910,2970,1280,570,1350,530,7530,1020,7410,3610,3240,12060,3510,2890,12220,19180,190,3760,4900,6730,5520,0
18020,2470,1870,970,-1,80,590,90,1930,330,2050,580,500,3600,1150,990,3900,6260,0,1300,1780,12690,3130,0
18140,49840,66650,43420,18180,7740,13690,6770,59730,13510,63750,37140,22350,94560,31180,24640,92800,172430,890,29120,37690,56910,80500,0
18580,6120,6380,1500,4920,1530,2100,1380,11990,1400,11690,6650,4530,21690,5460,7830,19230,27610,210,10990,10840,10650,11170,0
18700,1790,1330,1510,870,1220,660,-1,3190,460,2430,1180,-1,3880,1190,1350,2540,4360,270,830,850,1330,1020,0
18880,3280,6610,3070,3510,450,1000,490,5410,1170,5190,2010,2380,16480,3990,2690,14970,15190,40,4710,6040,2630,4650,0
19060,1080,970,420,440,180,830,130,2820,180,3010,1290,1460,3690,1000,1680,3960,5740,50,1640,1320,2490,1870,0
19100,141000,187760,139740,66230,14990,27000,24750,186480,41040,179070,82600,75360,316080,91690,92340,374290,625950,2850,138440,141690,192870,268370,0
19124,106100,147800,117520,49710,10130,18370,18990,128950,31450,124310,59520,53070,219030,66330,59900,267950,454190,2240,92700,97130,125610,179010,0
19140,2730,1790,1000,630,180,550,180,2790,250,2820,1230,810,3570,850,930,7380,8850,-1,1170,4190,17270,9110,0
19180,1410,940,280,300,150,260,120,1670,160,1390,-1,760,2310,630,380,2700,5210,0,590,1180,2840,2340,0
19300,1880,1580,380,460,170,530,330,3810,430,3910,1780,1490,10750,3620,2650,12600,10000,110,2710,2940,3360,4350,0
19340,10090,8710,4410,3450,1050,2300,830,10660,1960,9850,5170,3760,16750,5200,4350,17560,27020,470,6950,8480,18990,12740,0
19380,15270,20600,12020,9870,2690,5280,1880,23230,4420,28850,15380,7590,36820,11140,8820,35940,54100,240,8710,13350,29980,24670,0
19460,1620,1280,440,1500,350,460,120,2640,210,2700,1180,1280,4480,1480,1480,5730,6910,110,2870,2690,8540,4960,0
19500,2790,1320,390,890,-1,660,170,2640,410,3500,1540,990,4800,1310,1100,4160,6260,60,2120,2570,6280,4470,0
19660,4960,6670,2460,1910,490,2350,1440,11130,1460,13560,7380,4130,25390,9290,5360,26710,30690,410,9680,7570,9230,7510,0
19740,66370,112600,66960,36760,14960,17590,14800,73890,22300,74090,35670,29360,128880,43310,48170,166380,204950,1760,67860,51850,52490,84560,0
19780,24360,25760,13090,3340,2500,4750,2860,20790,5350,18540,7500,5730,29800,10630,11150,37730,59220,350,14860,13270,18160,23820,0
19804,34930,38060,21400,27790,3610,12170,-1,35180,9770,52380,23300,16020,60910,18620,21310,64760,103450,670,19070,28740,67790,53750,0
19820,93550,103360,63810,87910,9180,22910,16520,86650,28480,119420,61540,33320,167120,52040,55170,199090,287490,-1,57290,73620,188750,116790,0
20020,1810,1150,330,550,180,410,210,3350,430,5190,2090,1380,5160,1450,1350,8010,8860,490,1930,2710,4120,4640,0
20100,2230,2670,930,760,-1,1250,490,4780,540,3980,2130,2110,6750,2010,2580,6670,9960,-1,1960,2530,3450,4980,0
20220,3040,2820,1060,740,120,810,210,3280,810,3530,1670,820,5360,1510,2110,6280,7730,160,2090,2430,6500,4510,0
20260,5940,4110,1680,2100,1240,4040,470,7450,1260,10600,5110,2750,12680,4610,7200,11940,18090,120,5100,6140,5640,7240,0
20500,16920,20420,17370,5950,8740,4410,1380,29230,4070,29160,11080,5040,24910,7590,5830,22520,39640,300,5980,8200,13300,10770,0
20524,5630,3880,2550,4160,580,2780,730,14130,1610,9800,5070,4950,12410,5690,7350,12990,21260,140,6960,5550,4460,6380,0
20700,1320,1440,610,1240,230,620,180,4000,330,2680,1410,1420,6910,2420,2590,7400,8490,-1,1480,3230,2810,3650,0
20740,3530,3410,1370,1540,280,1290,310,4360,820,5940,2710,1570,7230,2460,3990,8160,13160,210,2940,3320,7010,6090,0
20940,2020,1910,320,320,300,1300,200,4560,250,2090,1080,3490,4000,1720,1790,6090,7710,6400,1790,1950,1440,3160,0
20994,16040,8370,4430,3800,1160,3440,790,20080,2580,12540,5990,4770,21050,6470,6170,23070,37700,270,9720,9300,26130,22890,0
21060,2210,3240,1550,480,210,870,240,2890,360,2500,1590,950,5350,1330,1760,5700,8520,0,1480,2420,6180,3350,0
21140,5330,3390,1030,1850,240,980,460,4540,770,4350,1660,1210,7290,2240,1820,8990,15650,110,3470,5850,45530,9980,0
21300,1380,790,310,550,100,770,160,2010,320,2800,1080,1350,3370,1160,1100,4060,5290,0,1450,1650,3360,3000,0
21340,8060,10700,4320,2590,1120,3580,1490,23660,2540,16460,8530,11010,31780,8770,14000,36250,53450,340,11200,11610,14880,21220,0
21500,4060,4210,1490,1650,420,2810,380,8470,1210,8590,4480,2690,13230,4010,6740,12630,19250,60,3630,4350,14920,6690,0
21660,7370,5020,2650,1520,1910,3010,920,9640,1830,8110,4950,2240,14490,4560,6810,17180,22380,1090,5150,5420,9390,10090,0
21780,7290,5090,2130,2520,1310,1920,720,6890,1500,11640,4760,2610,14410,4300,4800,15670,20640,270,7870,7540,16250,12900,0
21820,2000,1340,550,840,1090,940,200,2910,320,1980,700,880,3420,1690,810,3130,6200,-1,2890,2090,830,2240,0
22020,6550,7120,4480,2200,940,1950,740,6860,1940,9020,3700,1850,12130,4650,6430,14340,21620,270,7840,5450,7040,10040,0
22140,2090,1260,260,670,380,630,120,3420,240,2380,1440,1060,5360,1640,2270,4820,6950,190,5330,3370,2330,3400,0
22180,3980,6120,2350,1020,760,1920,460,10630,980,9690,6190,3580,14300,3740,2800,13890,19460,60,3460,5670,6260,8590,0
22220,13500,15900,8120,2160,1190,1510,1270,14470,2170,10910,4730,3370,20680,6650,6080,26600,33300,970,8050,7950,21080,22440,0
22380,4080,-1,950,880,1430,1250,510,4260,630,3770,1030,1460,9040,2400,2350,5990,8690,60,2070,2660,2620,2530,0
22420,5510,4970,2430,1730,530,1800,540,8200,1290,11790,5670,3740,14280,4140,4650,14750,20910,50,4000,5380,10500,7980,0
22500,3420,2740,1100,1370,380,1550,430,4690,360,7760,3540,1750,7360,2610,2000,9180,12140,150,2740,4370,6910,7030,0
22520,1720,1170,190,660,100,520,150,2980,300,3750,1400,620,5600,1650,1200,6750,8260,80,2480,2500,7170,3950,0
22540,2040,1630,620,1410,90,550,140,2440,590,2770,1070,780,3880,1060,1530,4680,6150,50,1990,1900,6470,3670,0
22660,5690,7930,5050,4350,2880,1910,550,10420,2060,9120,3650,2720,17160,4980,4670,17700,21370,300,7880,5940,6990,6520,0
22744,29230,44210,20170,7320,3070,9260,10250,37430,8700,46000,19070,22250,79700,28360,23300,113590,152090,300,33480,36690,25630,47690,0
22900,4470,2940,1230,870,340,1540,410,5560,490,6390,3100,2110,9960,2800,3540,11320,16900,530,5100,4690,14580,11030,0
23060,8740,8670,4070,3510,530,3280,1010,10570,2530,14940,6100,3260,20360,6530,5560,20220,31050,150,7620,8860,26990,17400,0
23104,34900,39960,22220,16520,4870,8630,5760,57530,9590,54760,23080,22290,97050,25360,32450,106340,171760,610,45740,44560,67260,89370,0
23420,14850,13780,3660,3000,2970,6670,2450,28180,3420,20210,9400,7640,29210,9150,8950,32140,55620,28520,12050,12980,20810,25110,0
23460,810,650,90,220,60,510,80,1990,140,3270,1790,780,3350,900,1240,3900,4710,100,1360,1370,6460,2180,0
23540,3610,6820,3280,1510,1610,2070,990,16500,1420,13890,4500,2750,13010,5470,3190,12670,17830,170,3770,4170,2980,5540,0
23580,3220,2620,710,710,270,660,300,5000,620,6250,2660,1670,6200,2030,1210,7080,12430,340,2850,3370,12500,8830,0
23844,11080,7460,2510,3850,1230,3060,1470,15270,2160,18700,7520,6720,29260,8940,9120,28330,36640,130,13640,15780,23320,20000,0
23900,990,830,290,240,140,520,60,2240,330,1490,980,560,4210,1210,1060,2660,4650,150,1190,1470,4280,2840,0
24020,1970,1340,520,490,190,960,260,4040,520,3630,1660,1790,4890,2060,2720,5480,8020,60,2190,2440,3710,2570,0
24140,1120,1240,280,350,200,920,110,3330,250,2870,2390,870,4000,940,840,4360,5820,140,1180,1710,4070,3620,0
24220,2320,1620,540,820,470,800,210,3720,720,3400,1600,570,5440,2260,2270,5400,6740,160,2800,2110,2390,3770,0
24260,1320,1470,300,340,130,540,130,2150,300,2270,1370,510,3590,1430,690,4820,5940,310,1680,2260,5960,3790,0
24300,1970,2450,580,620,540,1290,390,3290,700,4690,2020,1310,6320,1660,1660,7390,9280,40,3740,2910,2270,3590,0
24340,24970,22240,9430,13480,1880,8030,2150,28230,9590,32150,15810,7140,43380,18270,14200,51850,77070,680,16770,21510,81820,51720,0
24420,1090,420,330,160,200,710,70,1030,360,1330,760,380,2520,910,1770,2930,4740,80,720,670,1670,1340,0
24500,970,1750,630,350,270,710,280,2410,550,2650,1180,600,3900,1550,1200,4340,5310,60,2010,1950,1030,2050,0
24540,3410,3930,970,1850,490,1240,400,6570,850,3830,1730,1810,8140,3160,2180,9530,12500,560,9880,4480,10320,8210,0
24580,7620,8550,4500,2780,1020,2050,480,9280,2360,9780,3920,3500,14260,4200,6340,16790,27330,180,6630,6930,18520,13850,0
24660,14580,15540,6550,4790,1970,2980,1180,18600,3020,18280,11460,8060,30700,11380,9050,35720,59200,180,11670,16120,42150,33700,0
24780,2510,2170,1030,560,910,1180,290,6500,760,8130,4290,1100,8970,2240,1830,7890,11580,70,2410,2430,3920,3200,0
24860,17470,14650,7100,8480,1380,3910,2070,21840,3840,22940,10980,7210,36290,12490,9600,41530,58490,240,13090,16840,55930,29770,0
25020,480,200,40,250,140,150,0,1390,0,700,130,800,790,440,170,1580,1490,0,310,390,1120,440,0
25060,7520,5340,2410,3320,1350,1700,720,8200,760,9720,3390,5170,18310,5630,5160,14540,20960,110,9500,6940,11210,7670,0
25180,3720,3330,2590,980,280,2380,680,5960,800,7230,2980,3310,8680,2480,3010,12030,17810,80,3200,4160,4820,10970,0
25220,1580,1090,440,170,-1,690,-1,3390,210,3260,1170,1160,4650,930,2890,6110,5880,120,830,1580,2180,3030,0
25260,1330,1120,300,140,430,890,190,3400,160,2500,820,3660,3570,1210,1400,3200,5180,3050,900,1650,2240,2850,0
25420,13830,20840,12390,4530,2070,5750,3230,17040,3550,20100,9010,7190,25800,8690,10900,27740,58240,170,8390,11820,15600,32240,0
25500,1700,1980,1000,450,360,590,220,4280,820,3020,1600,920,6260,2650,2020,6070,8610,490,2660,3140,6760,5750,0
25620,3050,1610,450,400,130,660,260,4520,360,5260,2030,1160,6600,1580,1460,6610,11230,150,2140,2770,2760,4060,0
25860,4760,3570,1290,1420,400,2140,320,7400,890,8930,7710,3450,12680,3040,2400,13970,19760,140,3010,6340,30480,14500,0
25940,3070,2170,670,450,170,850,640,3640,720,3830,2430,1910,11710,5080,3170,10620,9970,50,3150,2880,1490,3770,0
25980,750,930,290,280,200,310,100,2100,60,890,380,540,1710,540,290,1460,2620,40,480,910,1120,770,0
26140,620,970,250,140,0,360,100,1820,110,3170,1640,850,3840,1500,1150,4330,4840,0,2270,1730,790,1240,0
26300,1520,790,190,250,110,660,170,1600,220,3160,1390,770,4660,1460,1160,5460,5180,30,1410,1540,1950,1700,0
26380,3750,-1,410,1780,410,1230,270,3750,390,5260,2040,1680,7270,2030,1690,9390,12430,60,5900,6230,7760,12610,0
26420,128130,154980,80780,87500,30710,22880,23610,172810,29480,153680,64190,70660,276520,84660,81740,301200,467890,2670,176410,126020,185140,213330,0
26580,4910,3590,1000,1470,880,2050,630,8940,660,13350,5160,2170,13320,3750,4160,14670,19790,0,7260,6140,8920,8290,0
26620,9440,15560,13450,18130,1620,1390,790,9450,2400,12390,5080,3990,17030,7140,4910,22750,29320,100,5840,8570,17050,11850,0
26820,3900,2310,1110,1920,1720,1070,270,3280,830,3250,1940,1450,5150,1770,2030,6950,8370,830,4170,2510,3550,4000,0
26900,56710,57580,31540,14120,10230,11550,7080,42100,13370,70170,25210,23290,93760,29070,25090,103640,152400,740,37970,40320,66390,102460,0
26980,4700,3480,2360,840,2060,1360,300,8280,1080,8050,2870,1430,9340,2730,3780,7950,12950,120,3220,2430,5050,6260,0
27060,2490,1950,1720,920,1910,1330,310,8320,860,2260,950,710,4790,2230,1690,3740,7660,190,1330,1660,2020,1540,0
27100,2960,2400,1190,2480,280,1160,200,3070,380,3840,1890,1590,5110,1250,1300,5290,8290,70,1460,2350,9800,2750,0
27140,16030,11000,4080,3500,1730,3740,2490,16380,2850,21690,8040,8920,22470,8360,10880,27140,40200,430,7090,11030,16540,17920,0
27180,3020,1510,440,1650,250,1050,270,3440,290,5970,2400,970,5230,1410,2170,6100,9600,60,1950,3110,7900,4980,0
27260,22080,41710,17380,8030,2660,6650,4860,30750,6790,43020,17730,17160,65020,20410,16740,74460,118830,440,28500,29060,24510,48390,0
27340,1230,1520,450,310,270,500,230,3790,240,2110,1310,1170,7420,1720,1190,6240,8000,0,2030,1720,1110,2600,0
27500,2820,2200,1090,840,290,790,210,4480,470,4050,1740,960,6110,1710,2060,7160,9340,60,2420,2930,6820,6270,0
27620,3850,4610,2570,1080,670,1560,840,3090,970,3950,2780,2740,5430,1990,1930,5450,13600,100,2820,3320,5000,3800,0
27740,3990,2810,1110,830,370,790,300,5250,660,8400,3380,1260,8330,1850,2690,7920,13710,-1,1850,2830,5390,4350,0
27780,1730,1800,760,800,220,1740,190,3610,460,4690,1910,1050,5020,1810,3030,5430,8850,40,2130,2230,2880,3570,0
27860,2480,1360,500,380,120,690,150,3840,310,4840,1800,920,5410,2020,1630,6320,7570,270,1810,2450,5190,3670,0
27900,2710,2230,800,710,200,1110,180,4260,590,5350,2120,1070,7200,1890,2270,8760,12080,240,2390,3400,8480,8950,0
27980,3870,1790,400,450,390,1140,210,3050,900,2220,1720,2100,13410,6490,2720,8780,9950,200,3440,3010,1770,4770,0
28020,6330,5360,2190,2510,1920,2240,670,9000,1560,9680,4870,2030,14000,4060,3490,13810,20180,200,4640,4920,14370,8610,0
28100,2310,1100,360,350,260,910,110,2870,370,3990,1990,1250,3670,920,770,4110,5810,170,1030,2090,3520,3260,0
28140,55310,64700,44310,18420,7450,13030,8780,55110,14350,66300,25160,22630,91050,27520,32390,106520,178710,1020,38580,40760,62670,68520,0
28420,5150,4730,1920,5070,2430,1200,290,7070,1010,5430,2380,2590,9420,3130,3260,10190,14940,2610,6690,4300,5060,8410,0
28660,4360,6150,2160,1470,590,2030,570,11580,1310,12620,5000,5020,13950,4260,4550,14920,20900,100,4860,6450,5740,8390,0
28700,5150,3420,1370,2800,870,1320,650,6260,810,9440,3860,2690,11730,3210,2440,12580,18160,140,4900,6100,12440,8170,0
28740,2260,1570,600,410,270,1420,350,5660,560,3580,2060,2630,5940,2190,2620,6610,9810,50,2390,2190,2390,3150,0
28940,21710,15080,7390,8110,3030,4380,1990,19340,3660,26540,10090,8420,35600,14000,10350,40170,63690,-1,13220,17290,27160,30470,0
29020,1350,830,420,1060,170,440,150,2370,340,2300,1140,450,4370,840,1220,4100,3930,0,970,1780,590,1320,0
29100,2660,2530,1240,700,620,1450,290,4430,880,6790,2450,940,7330,2150,2980,7880,11060,0,2180,2960,5510,5440,0
29180,8270,5780,1630,3410,1230,2320,1510,9030,1570,12680,5540,3580,19430,5460,8160,25280,29880,300,12910,12830,15970,17320,0
29200,3590,2520,1340,1230,710,1090,240,10400,700,5090,2130,1390,9610,3180,1920,8160,11000,220,2840,3730,14310,5290,0
29340,3590,2250,430,2150,820,870,460,5260,390,6190,3000,3260,10250,3340,4180,10400,12900,40,10560,6560,8260,7330,0
29404,33760,23590,14640,7190,3470,3940,1640,25530,4250,20620,8320,5080,32500,15430,12140,42670,57840,180,10540,13320,30580,33420,0
29420,2150,1040,330,300,220,560,270,2210,230,3500,1600,2190,5440,1810,1230,5890,7660,0,1960,2840,2450,2770,0
29460,6390,8720,3240,2160,880,1990,1240,11950,1480,12450,5630,4400,19490,7340,4660,24000,36010,2360,10320,10840,14560,21630,0
29540,8490,7910,3690,3880,1580,3720,910,10770,2450,13880,7650,2320,22050,6520,7720,23740,36730,820,12410,10750,24740,21500,0
29620,10330,13000,6800,3210,2790,3200,1500,18820,2960,11050,5400,2830,17930,5420,5870,18480,34250,290,5720,6950,15040,13920,0
29700,2990,3070,700,480,180,970,310,7750,740,3310,2350,4570,10070,2370,7590,10710,20990,0,2370,3470,1260,11370,0
29740,2990,2870,1820,1980,790,1200,300,5970,540,3880,2830,2840,7300,2130,4310,6000,10930,1390,3320,2370,2130,2440,0
29820,42310,31490,12810,7530,3370,7930,6560,34910,15910,40630,17240,32910,146660,59620,60750,105940,143400,200,42120,31240,25430,66420,0
29940,2340,-1,1770,960,340,530,210,4770,960,2250,990,910,7050,1550,2380,5220,7090,0,1380,1750,2890,1940,0
30020,2120,1780,830,530,180,560,180,3230,410,2890,1130,1350,5000,1530,1230,4720,6990,50,1660,2070,2850,2310,0
30140,1350,1460,380,370,350,1150,120,2680,290,3050,1840,560,4630,1530,1510,4260,8080,120,1550,2640,5160,5510,0
30300,1170,730,230,250,200,420,100,1470,240,1860,980,490,2340,850,860,2690,3640,170,1070,1570,3290,1560,0
30460,13200,9390,4950,4980,2600,3260,1390,15720,3140,20450,7710,6100,25460,7990,8230,25730,39590,1610,8590,10910,27650,21130,0
30620,1570,1400,380,600,170,770,170,2290,320,4170,2210,1060,5080,1470,1030,4800,6960,0,1790,2450,5510,3910,0
30700,7360,11080,5810,2880,1940,3830,1100,10380,2720,10570,4560,2850,15730,5340,5170,17060,29660,210,7100,5960,11250,12680,0
30780,19840,17310,10910,4210,2230,4290,3030,17120,3100,28110,10410,8150,30130,10610,10840,37330,54500,640,13420,14340,17840,22440,0
30860,3060,1510,1280,1200,720,850,190,4710,630,2370,1530,590,4080,1450,1430,5120,9230,100,2270,2150,6580,2880,0
30980,3130,2250,730,1540,410,970,410,5510,710,5750,2940,2020,8440,2290,3130,9980,14560,110,10150,5230,8500,7010,0
31020,1400,970,300,400,330,680,150,2330,230,2010,1160,480,3480,1070,950,3700,4730,580,1910,2110,3070,3710,0
31080,330970,352020,161410,100720,47570,85010,51820,332170,185700,287320,130730,137760,548250,155910,178540,595200,982470,5440,179070,172220,369990,393430,0
31084,229980,242870,106620,62890,34870,67940,39040,253950,162160,213860,96130,113200,398170,102760,133490,427530,719140,3550,107310,126370,265070,313650,0
31140,29690,27520,13860,7620,2240,7490,3540,28320,6730,43300,16140,13140,59980,16610,19540,61530,102630,700,22400,27070,67460,66340,0
31180,4480,4200,2320,1350,990,1910,1010,9540,1480,11300,4260,2990,17050,4110,5730,16270,24410,610,4870,6740,4900,9710,0
31340,3360,3760,1970,2230,520,2090,380,5940,880,6480,3360,1740,9160,2920,3660,10810,14760,290,4040,4520,9680,6150,0
31420,4570,5240,1560,660,240,1710,640,5800,740,7730,3630,2700,9190,3280,2340,10520,17840,290,2860,4310,5520,6450,0
31460,1380,860,320,180,390,750,70,3140,200,3250,930,1710,2830,1550,1180,2850,5390,5730,1410,1610,3980,2480,0
31540,20700,26840,23750,7750,7180,6090,2680,25520,6460,22700,8580,6720,30880,11410,11870,33240,56150,500,13510,12270,26830,20240,0
31740,1840,1650,630,460,430,420,130,3730,660,1930,1260,530,4630,1450,1500,3580,5780,110,1840,1590,2050,1630,0
31860,2440,1810,1050,700,260,1670,160,3600,700,3150,1640,560,5230,1850,3340,5390,7270,80,1620,1840,3980,3290,0
31900,1760,1270,410,1100,70,1080,250,2910,310,3200,1770,1740,5010,1330,980,4960,7630,80,1860,1890,7430,3660,0
32420,830,810,220,130,190,310,50,2460,140,2420,530,1420,2850,1100,560,4520,5030,0,1020,830,2080,1330,0
32580,6010,5740,1810,990,1010,2600,1240,25960,1540,16240,15330,6990,23150,6030,24140,29350,41630,930,5480,8240,6450,18840,0
32780,4010,2460,1120,610,660,1670,370,5010,1280,5310,2940,1180,8800,2920,3250,9240,12780,760,3270,2960,5290,6270,0
32820,34020,23230,9540,5780,3360,6540,3150,30830,4320,42250,14890,19990,52000,18200,17260,60270,102050,610,19720,24470,39810,91560,0
32900,2650,1870,680,290,720,1410,190,8400,340,2830,1800,1410,5740,1940,1250,5940,8610,4740,1490,2370,5190,5700,0
33100,90290,138260,54470,25350,9370,27020,35490,120140,31760,152130,68490,83440,255280,96170,69540,338380,462820,4970,92210,104770,85540,167120,0
33124,39370,61800,22090,10620,3810,11610,16930,54460,15580,69440,29910,42100,108040,39890,30190,148800,209320,2050,33560,43280,42140,90730,0
33140,1690,1080,240,420,70,590,110,2310,250,2140,960,1870,4720,1320,950,4540,5500,0,1650,1680,5100,3080,0
33220,1790,1800,570,660,-1,390,100,2250,400,2510,1070,440,2770,1550,1250,3360,5540,0,1880,1150,3170,1340,0
33260,3720,3850,840,2870,1660,590,410,3530,990,3420,-1,1120,7970,2150,1490,9450,12390,-1,8790,4940,4700,8520,0
33340,44370,47260,25930,16790,4070,13050,6370,47280,12430,52620,20420,15430,70390,24580,44550,80590,125240,720,24930,27420,84500,51900,0
33460,125970,134070,82440,42510,17220,34090,15500,108390,28500,105520,50460,29160,157860,52620,89250,187750,278610,1190,60630,58730,135150,114630,0
33540,2030,2390,1250,690,1130,1450,630,3150,1060,3990,1290,950,6630,2390,2410,6910,9750,170,2340,2260,1820,3290,0
33660,6640,5400,2440,3680,900,1780,1130,7760,1510,12670,4670,3240,15070,5710,4420,20070,28460,60,10170,9340,14470,13520,0
33700,7290,4340,1570,1180,1010,3550,710,13590,1320,10680,5120,2610,16390,4690,4900,18770,26540,6360,6670,6690,12570,15840,0
33740,2880,2980,1000,1020,160,1350,570,4650,520,5880,3300,1380,7230,2610,3510,8600,11910,230,2680,3810,4220,6310,0
33780,1620,1170,250,840,60,460,90,2640,340,1890,1370,460,4430,1060,1170,3870,5600,30,1270,2590,3870,4130,0
33860,6090,7650,3990,2810,1150,1920,1540,8990,1780,9340,3740,5240,14630,5780,5470,17160,25770,540,4890,7040,16800,12710,0
33874,49570,62300,45200,19550,14270,14220,6590,53590,12150,59480,30720,17400,77290,30010,43870,117800,171880,1010,36410,39740,59860,60140,0
34060,3100,2060,1340,980,820,870,520,5450,590,6970,-1,1510,6730,2100,1510,5340,8700,100,2630,3410,3250,3610,0
34100,1850,720,400,890,90,430,60,2570,250,2650,1060,880,4160,1000,650,4050,5730,30,1590,2070,7320,3930,0
34580,1770,1540,520,820,510,710,180,2810,580,2420,1270,900,4970,1320,1550,5360,5900,270,2560,2270,3720,2810,0
34620,2380,1400,1010,270,80,740,180,3580,790,3370,1460,630,5540,1440,1330,5070,6840,0,1320,1530,3420,2520,0
34740,2200,1490,390,1400,180,1000,180,3270,400,4180,2360,1230,6430,1560,1620,8740,8130,-1,1850,2460,9210,3020,0
34820,6030,3250,1250,830,500,1300,820,8740,1520,7250,3960,4660,26420,10000,5250,23320,22230,150,5920,6550,4420,8230,0
34900,4110,2850,510,490,660,1030,330,3810,460,4180,1860,1160,9320,4250,2040,8110,9100,2770,3510,2090,4210,3920,0
34940,4350,5280,1330,860,480,1200,980,5520,1270,8210,3680,3210,20470,9850,5340,17920,19760,440,10960,5360,4820,6830,0
34980,60160,45310,23290,12540,4380,9140,5340,44230,13660,57780,21740,19450,85640,23570,21970,91760,156370,390,28060,39250,70630,77710,0
35004,58110,53980,23850,14200,8890,16530,13250,104480,14400,84670,44020,33000,101940,47580,56030,142760,237970,460,59710,45610,52230,72610,0
35084,68460,70760,44280,16960,15050,18720,12880,90000,12040,63310,38950,33490,77830,40320,30630,112790,190410,620,33130,39880,54380,93120,0
35100,1200,1940,550,1330,230,510,310,2690,220,3180,1970,1280,4690,1210,1210,3880,6080,140,1650,2900,3230,2300,0
35380,25320,22970,7550,9610,3400,6530,5530,30130,7300,39040,12330,18900,66520,16120,17580,64120,82420,600,25450,25030,26720,44940,0
35614,374140,442410,218450,64400,46130,119940,82860,469530,173710,353680,300060,222790,505400,217610,249460,686220,1077490,1070,211220,195470,188060,386390,0
35620,506340,571030,289130,99710,70660,157970,109720,678140,201760,511460,388090,294230,697580,311200,343480,954760,1527120,2290,311030,286520,299130,558500,0
35660,2830,2700,780,2470,190,770,250,2950,730,3340,1610,1460,7040,1800,1590,6000,9640,80,1440,2530,8040,2940,0
35840,9050,12100,3650,2630,1010,2780,2450,11790,3520,18310,11860,5610,34330,12230,8200,39000,48060,1550,15740,12560,13140,13150,0
36084,70060,67010,42610,28190,18590,16000,7900,72300,16560,56660,25230,20540,92580,30490,35250,105060,163200,560,52730,35380,62550,64900,0
36100,2230,3030,640,1200,230,1010,570,-1,530,7140,3140,3020,10350,3580,2940,13340,16700,610,4760,4040,6250,6140,0
36140,1090,850,190,140,140,710,180,2510,360,2020,1870,1150,6300,2400,1620,4610,6380,60,2010,1520,820,1510,0
36220,2310,1670,410,890,300,510,260,3570,540,3180,1190,840,7290,1410,1400,7820,10130,0,8270,4380,5220,6330,0
36260,12240,15110,5370,6600,1300,2710,910,14940,2520,10320,6230,3860,19680,7750,7960,22620,39130,-1,14720,11340,21910,15720,0
36420,37640,31030,15190,12170,4360,10520,6260,31560,7300,42020,16620,13370,62520,16350,14810,62460,100940,790,30400,25850,29600,35510,0
36500,6430,7490,4950,1540,2010,1890,860,7150,1790,5290,2990,1760,9570,2950,3140,9810,17850,290,3510,3590,2780,5680,0
36540,23460,28190,19270,6190,3160,6660,2810,27050,6170,30220,11940,8940,41330,13310,16210,53780,80550,540,21530,16730,27260,38020,0
36740,40430,63000,31090,15370,5190,9420,10260,55000,17750,60650,26420,29870,149790,57600,43900,157690,192240,1210,49520,45150,37380,70960,0
36780,4610,4320,2040,2330,610,1320,320,4410,970,4910,2410,1870,6770,2140,3100,7420,13810,50,3760,3590,14870,6250,0
36980,1970,1410,360,480,180,870,180,2790,230,2740,1340,910,4690,1620,1860,5020,7960,0,2350,2110,5740,3630,0
37100,16560,16460,7240,7190,4190,4090,1820,20370,3690,14410,7210,4800,30970,8710,9380,34420,45210,5810,11190,10000,20030,16200,0
37340,6970,10060,9470,8270,900,1810,1040,9270,1710,13560,7150,4890,22860,6910,5570,22930,32180,40,8570,8480,9230,8810,0
37460,2240,3620,1060,1870,570,870,420,4870,580,4880,2240,2630,11010,3080,1590,10300,13450,170,3990,4270,3440,3950,0
37620,1360,2260,560,450,170,510,210,1630,320,2690,1590,700,4350,960,1210,4700,6310,0,2210,2120,1790,2350,0
37860,4570,7120,2870,1910,780,2220,1500,10280,1350,12420,5340,4910,20100,5710,4140,19860,30900,110,7780,7810,6300,7420,0
37900,12430,8560,5090,7120,770,2950,900,10350,1940,12340,5350,2810,16180,6140,4410,16300,24780,200,6320,7670,10840,10850,0
37964,39100,55550,25010,12740,8570,24560,15630,68320,11700,71270,36760,30870,77570,25820,41450,73710,148620,180,21230,25290,27540,49060,0
37980,125040,169250,95260,46090,29690,54270,31200,188720,30630,187670,99810,68290,224920,81530,112540,281130,465930,2190,85290,95960,122950,179380,0
38060,111460,108850,76340,35450,11190,28190,14910,92420,23350,107250,46620,52380,179090,55070,65200,221480,343570,3750,78310,74510,86160,119760,0
38220,1280,1070,250,290,470,510,120,2030,130,2050,1170,2010,2200,690,930,2610,4060,430,960,1540,3570,2350,0
38300,46170,58340,35550,25790,9270,20570,8610,62820,11820,81940,34850,23950,103680,31570,43470,114890,190570,680,51120,44270,61300,72530,0
38540,1890,1490,410,520,330,890,200,3040,370,2050,940,590,3130,1300,1310,3410,5710,40,1230,1250,1220,1390,0
38660,2010,1290,580,810,340,820,70,6890,260,4320,880,1330,5520,5180,1050,8740,10150,140,2240,1950,4890,2890,0
38900,77460,63530,43130,35940,10950,20220,8060,64270,20480,62020,28620,19510,102770,30630,37610,113160,165690,3690,48060,36100,71850,69600,0
38940,3950,5100,1150,1380,780,1960,1050,7650,1070,10730,4770,2590,15830,6900,4470,17790,21550,560,7240,6270,5790,8230,0
39140,3140,1530,440,510,390,1380,250,3360,730,3980,1500,1910,7570,2460,2210,7070,9030,110,2800,2740,2510,3650,0
39340,13520,9110,9890,3870,1550,4480,930,17930,3670,10540,5450,2610,17350,6740,6560,22400,37740,160,17370,6270,12510,8940,0
39380,1610,2080,660,660,330,1180,230,3330,360,5210,3160,1930,6000,1630,2010,7270,9030,130,2390,2430,3070,2720,0
39460,1050,1370,380,170,140,420,350,1830,280,3830,1740,1220,6120,2180,1340,7440,7040,60,2680,2120,1020,2080,0
39540,2880,2420,820,1180,240,890,-1,4650,740,3780,1980,1970,6330,2230,3210,7510,10810,0,2210,3000,10890,6510,0
39580,30700,38270,34530,14840,7670,6180,4560,35480,7300,30530,14440,14160,57040,20370,16570,72030,89980,540,24280,22330,20270,33280,0
39660,1750,2550,940,830,760,1220,340,3340,950,5090,1600,1290,7430,3120,2140,8210,10360,90,4330,2900,2560,3510,0
39740,6160,6160,2350,3480,700,2870,890,10440,1290,9930,6620,2610,13850,5590,5090,16340,26120,390,5660,7760,21040,16570,0
39820,2960,1780,600,880,1060,1400,270,4310,400,4550,2200,1460,6040,2100,2590,7090,10040,470,2480,2650,1910,3410,0
39900,11350,8050,3480,2500,2880,2430,1120,11830,2940,10640,4270,4020,21840,8690,8710,22550,36220,180,11460,8120,10660,18580,0
40060,26830,46480,22770,8840,4800,11080,6670,35910,7580,40420,14840,18590,52500,20280,21430,69770,105390,880,27060,25060,28890,42780,0
40140,58800,50500,15010,13790,8620,18510,5920,95590,11060,72860,30030,35710,137410,43890,41560,145520,215160,7560,71450,54790,82190,146510,0
40220,5000,6880,2930,2070,730,2870,920,7950,1480,12320,5290,4530,13020,4510,4230,16380,25220,160,6530,7090,11130,11870,0
40340,5290,4130,4150,1700,1380,1940,380,5670,1320,19940,5710,1250,9900,3170,4440,8450,15390,120,4040,3570,6280,6400,0
40380,23770,22460,17390,11200,3230,10470,3460,44490,7080,33160,14740,10810,43070,16440,18330,52670,83910,370,16980,18390,33760,25900,0
40420,7430,4570,1320,2770,430,1650,440,9140,1460,10060,5320,2630,12210,3450,3900,13730,22160,40,3980,5400,22730,13450,0
40580,1750,1350,380,1360,320,640,160,3310,150,3400,2350,1500,5570,1240,1790,5730,7940,340,1550,2380,7140,4130,0
40660,1720,930,370,230,100,540,180,2840,240,3840,1460,810,3600,1020,860,3660,5130,60,780,1610,3760,2720,0
40900,50320,73830,34550,19310,12980,14590,8180,55970,9810,49760,19700,24290,82080,27180,33040,87990,151450,3120,39970,30000,31890,52970,0
40980,3450,3190,950,1520,180,1190,270,3790,510,7090,3720,1330,8430,3500,2130,10640,13030,0,2710,4000,9250,4820,0
41060,4550,3870,1730,850,340,1380,470,5580,1030,7190,3240,950,8420,3310,3820,11020,15960,150,4720,4360,11770,7790,0
41100,3210,1500,680,470,300,1060,360,4850,710,3590,2100,860,6620,2690,2160,6590,9380,0,4260,2570,2580,3640,0
41140,1840,1780,580,530,460,980,180,3040,490,3360,1460,1340,4810,1310,1690,5470,7390,360,1840,2600,7170,4250,0
41180,66660,73690,46000,21420,9560,19010,9670,76380,18320,88280,39900,28650,133050,42750,48880,136350,222240,1090,51930,50270,79100,81900,0
41420,8860,9020,3130,1310,1390,4240,1560,10350,1420,9410,5450,3410,14380,4970,7310,15830,24270,3210,7230,5130,8570,10160,0
41500,6700,4980,2100,1040,1400,2010,780,13430,1790,6580,2800,4470,16850,5910,3770,15030,19360,31320,4640,5850,4520,9500,0
41540,5340,3840,1390,980,650,2770,850,10310,930,10870,4980,3880,20890,6980,5440,19260,22930,710,5330,7230,10560,8930,0
41620,44380,40220,26450,13490,5860,7610,5860,33290,11640,35420,14160,11420,48160,18920,16880,70250,132680,350,31330,25400,40980,44690,0
41660,1420,1520,490,480,340,560,210,3170,330,2970,1500,1140,5480,1420,2090,5420,8460,100,2390,2530,2520,2330,0
41700,35240,54330,28580,12920,4890,11660,7000,61930,11640,61250,27030,24830,106970,28460,41710,107440,175090,850,39440,39050,41070,56200,0
41740,81820,82950,49360,41190,21620,17780,12530,86160,18610,71210,33090,33790,149680,46970,47070,140650,215970,2430,58880,42360,67970,65050,0
41860,162760,177570,135380,52030,41040,32290,24380,125180,46950,104720,43570,45340,210310,72980,71630,213270,332300,1330,89500,62770,91780,126020,0
41884,85120,103570,89380,22450,21010,14590,15700,45320,27640,42850,15950,22060,105520,38120,30560,96240,152550,580,31560,23690,26560,56110,0
41900,410,320,80,150,110,240,0,1910,0,1410,270,370,1430,600,450,2010,2900,0,580,590,3400,840,0
41940,85040,75890,130550,56740,11800,10570,7790,58110,14640,42390,17440,17260,77990,27920,26990,96390,130540,3240,36450,26700,52300,38680,0
41980,31730,36220,8650,9430,4980,12800,4000,44520,6600,37680,7050,48430,51990,29490,12580,80550,130740,1110,21620,22390,37120,32070,0
42020,5790,-1,2230,2000,1050,1460,460,7730,1030,6770,2590,3320,13590,4950,5470,11940,16670,2640,5520,3620,4860,4730,0
42034,7580,6990,3390,1390,1440,1690,780,7560,2750,5220,2390,2750,12210,4370,5820,11970,16550,190,5210,3700,2670,5010,0
42100,5300,3800,1910,1140,1240,2330,350,7550,890,5040,2390,1840,11320,3740,3190,10480,14740,850,3420,2900,4670,3880,0
42140,3880,3960,1290,770,770,1260,820,3400,1080,3000,1550,2210,7560,2300,3210,7240,9450,40,2520,1840,1290,2270,0
42200,10140,7630,5040,4510,2010,2650,800,12310,2710,8270,4240,3490,20940,7780,7210,18590,26910,7530,6680,5550,9290,8030,0
42220,11410,8570,3020,2950,1860,3230,750,12450,2140,10920,4600,2830,21530,7210,7790,22030,27650,2490,8940,7250,12370,11650,0
42340,8210,6040,2000,4200,510,1930,1090,9080,2200,10120,4230,4690,20400,5780,3280,17830,23910,160,5650,9000,9450,15880,0
42540,7950,9030,4310,3650,1300,4880,1290,13880,2140,17400,9590,5460,21860,8210,8360,23550,44230,130,8800,9930,21550,29160,0
42644,92450,126780,121370,51860,17380,17430,12900,76860,30490,73170,32310,28470,134890,36780,46350,149260,218740,2430,66750,52210,95860,103840,0
42660,103510,140130,125650,54770,19250,23330,14790,94850,33240,91230,41340,35700,165080,46850,55800,177920,262120,2900,82000,64950,110570,128270,0
42680,1370,1470,460,400,180,500,350,2420,450,3400,1680,1060,6520,2670,1490,7130,7550,1000,2370,2370,1380,2010,0
42700,550,630,220,100,110,250,80,1620,150,2180,1310,480,2710,960,840,3470,4720,1070,980,900,590,1120,0
43100,2580,2340,1090,1910,490,640,170,2610,470,2410,1020,760,5210,1950,2780,4330,7900,0,1710,2470,11580,4440,0
43300,1270,900,290,640,80,470,270,2940,350,4020,1440,680,4980,1030,1980,4480,7390,0,1990,2220,3390,2450,0
43340,7050,5650,1370,1630,760,2170,1020,10760,1160,15470,6540,4540,17920,6510,7820,22380,26710,110,8140,8750,9490,12040,0
43420,1990,2350,1760,630,400,320,120,2660,240,1390,650,2440,3160,910,1150,2960,5370,170,980,1110,590,1240,0
43524,41540,47560,34370,13910,16570,8430,5710,34520,9740,40770,17240,11190,45980,22090,19010,53680,85180,-1,22830,17350,12420,20960,0
43580,3780,2690,820,640,370,1370,320,4890,820,4660,1870,1240,7740,2640,2240,9460,11390,330,4970,4110,11020,8160,0
43620,4330,8160,4430,1450,690,2420,690,5920,2240,13630,3540,2060,13810,5120,5540,17280,24750,170,7020,5440,9880,10750,0
43780,6630,4680,2190,1470,670,1830,560,12230,1580,8230,4340,2730,12920,4430,3640,12760,19190,190,4560,6320,12300,9190,0
43900,6090,4150,1720,3100,500,1500,580,8230,940,8150,3860,2600,11530,3510,2510,15200,20590,110,4490,7930,22010,12840,0
44060,9620,10710,4200,2710,1470,4700,1200,14260,3360,15420,7650,4840,20810,7960,8410,25000,37520,340,9550,8600,12500,14900,0
44100,-1,6870,3080,1340,560,1940,990,6240,1060,9550,3570,2610,10210,2980,2450,9690,21100,70,3770,3280,2890,4360,0
44180,7650,7310,4430,1710,930,3390,1080,11720,2180,15420,7020,3960,19790,5740,7120,22600,33400,100,7190,8830,11740,17960,0
44220,1780,1860,510,380,-1,840,160,3140,240,3240,2080,620,5270,1380,1350,4200,7450,0,990,2120,5590,4760,0
44300,2870,2890,2580,1620,570,1080,270,6860,720,3810,1310,1470,6900,2230,2150,6440,12200,180,2880,3220,2800,3330,0
44420,1460,1380,960,520,300,730,160,3160,570,2980,1360,1120,4260,1710,1330,4740,6390,170,2050,2100,4700,5590,0
44700,9370,6290,1790,1640,1580,3360,830,17210,1260,12710,5660,5770,18980,6540,7550,21650,36220,9880,8110,9140,13960,28330,0
44940,1390,980,430,380,230,600,150,1970,120,2050,1440,1140,3410,1460,880,3670,4920,-1,1580,1710,4080,2850,0
45060,12590,12320,6520,5160,3260,5810,2140,26430,3270,19340,8170,5690,26490,11000,9460,31030,51700,210,11120,13350,16520,20160,0
45104,11070,13350,4270,2900,1860,5890,1890,17990,2760,18050,9030,7230,30190,10070,9440,28670,43380,470,15250,12740,14700,24430,0
45220,5750,16920,6290,1810,2240,2430,3330,14560,2490,9610,4360,5030,16570,5510,3730,16470,25260,440,5400,5940,3480,6500,0
45300,45250,79780,41230,17050,6760,12830,14010,62240,14500,82660,38510,30820,126710,36450,34780,153570,243250,1730,50590,51050,55400,65550,0
45460,3200,1800,530,780,330,770,360,4080,600,4670,1720,2040,7640,1870,1770,6660,9370,120,2610,3060,8300,3980,0
45500,1780,1540,360,420,230,620,240,3480,320,3800,1750,1940,5870,1560,1970,6210,8310,130,2220,3960,4040,5140,0
45540,700,700,200,200,190,260,80,0,170,2020,920,1760,4080,860,1250,2980,3480,-1,1500,820,680,1150,0
45780,11940,10060,3630,4490,1560,5110,1300,17950,3290,22850,11330,6310,29390,9190,6460,27820,43750,160,11120,12930,35140,25170,0
45820,5610,6110,2980,1470,860,1830,1150,6880,1130,7350,4880,3170,8730,3930,3470,8980,18480,270,4980,4610,6280,6770,0
45940,13590,22420,12540,3800,5320,5200,2840,17910,3660,11800,7300,7660,14300,6740,4770,18770,39240,120,4580,5900,5030,12460,0
46060,18650,15070,11530,7620,4100,7860,2360,22240,4680,23900,9920,11970,36690,11280,17480,35970,60970,420,13380,14460,11490,16520,0
46140,24390,17970,8440,8920,1980,5470,3290,22140,3990,24230,13650,8770,41010,10470,9700,48990,68490,320,20310,22850,39850,27960,0
46220,3060,2510,1180,1280,510,1360,370,6350,880,6710,3520,1900,9910,3010,2180,9460,13430,240,4900,4510,14740,7790,0
46340,2930,3370,1250,1380,480,1230,860,6220,840,9840,4510,1870,10110,3370,4290,10920,16130,80,3940,3570,5180,6770,0
46520,27910,22190,8140,8210,5040,7540,3550,33800,7440,24670,14210,15320,53880,21340,13910,43680,66720,280,24880,17210,11710,30860,0
46540,4450,5300,2250,1380,480,2560,620,10300,1160,8760,5020,3910,10990,4230,7120,10440,18070,80,3560,4520,7740,6700,0
46660,2320,1430,1100,200,110,750,230,3280,270,3280,1150,1390,6190,1270,1900,6370,8100,610,1920,2420,3000,5100,0
46700,6570,5570,1850,2100,1580,2480,340,8260,1050,9100,3260,3500,12800,3310,4740,15740,17570,360,7290,5640,7230,8450,0
47020,1140,970,240,450,300,570,110,2510,250,3720,1770,690,4300,1230,940,4850,7190,0,3090,2220,2300,2740,0
47220,1650,1470,-1,270,240,1600,260,5220,220,4080,2490,3050,3920,1670,1350,5150,8100,-1,2200,2260,5330,5630,0
47260,26280,40140,22180,21580,5540,11760,4350,45410,8230,43160,20920,18860,73270,23400,25100,84820,109750,1010,36120,33280,35160,47990,0
47300,5140,3270,1000,690,1120,3440,410,12270,630,7450,3400,2300,10940,3500,2880,14250,18200,24680,3880,5790,9170,11590,0
47380,3490,4200,1830,1690,660,1620,560,8220,1110,5870,2810,2700,10580,3750,3860,11560,20420,260,5380,5230,10570,6650,0
47460,1000,1220,240,710,410,430,120,2080,280,1670,1120,1010,2160,890,600,2140,3550,210,740,1010,2420,900,0
47580,2490,6430,1600,2820,240,570,160,5240,470,3490,1680,1410,6930,1850,1240,5830,8420,100,2940,4990,5450,4450,0
47664,58620,65310,42400,60120,5560,10740,11530,51470,18710,67040,38240,17300,106210,33420,33860,134320,184040,430,38210,44880,120960,63040,0
47894,193260,255890,189120,49000,47670,32030,62290,155330,63270,105760,46000,77480,208910,84570,71320,209650,323710,1850,91120,74340,39920,108190,0
47900,234800,303450,223490,62910,64240,40460,68000,189850,73000,146530,63240,88680,254900,106660,90340,263330,408880,2160,113950,91700,52340,129150,0
47940,4510,3120,1210,1430,300,1250,440,5740,960,5020,2320,1230,7750,2730,2630,9040,13330,200,3030,3620,11510,7050,0
48060,1660,1450,530,440,260,960,220,3750,350,2960,1400,1350,4370,1500,910,5340,6140,-1,1740,2120,1390,2320,0
48140,2640,3140,1570,1190,280,810,330,3130,590,4360,1820,1110,4830,2030,2070,6340,10690,130,2140,2960,11220,6200,0
48260,1410,800,190,590,90,480,120,2670,230,3210,1740,740,3940,1370,1380,3760,5710,0,1480,2130,4150,3000,0
48300,1450,1290,430,480,610,510,190,2880,480,2820,1310,850,4850,1730,920,5180,5670,1350,2030,1980,1340,-1,0
48424,21690,32240,12210,7410,2490,6150,8310,28250,7480,36680,19510,19080,67550,27920,16050,75990,101420,2620,25170,24790,17780,28700,0
48540,2280,1810,730,470,230,1090,540,3340,490,5080,2430,1920,6590,2140,2090,6710,10440,0,4500,3060,2290,4390,0
48620,13150,12980,5960,7020,1070,3580,1430,17870,3640,17330,8240,5990,27970,8160,10020,27930,48020,290,14210,13750,31200,17190,0
48660,1620,1690,780,1090,200,880,240,3920,380,4380,2510,1960,6140,1750,1720,5860,9400,60,2210,2640,3570,3150,0
48700,1590,1500,440,800,310,970,320,3080,290,3400,1310,1110,4740,1400,2310,5630,7880,90,2630,2360,5450,3710,0
48864,15300,25700,15180,5250,4580,5390,4220,20320,3090,23380,9550,7760,29380,10920,11230,35450,59650,380,10900,12650,12140,24360,0
48900,4510,4470,1870,1700,1380,1500,-1,7130,1310,8790,4800,3210,15990,4800,3190,15040,19490,-1,5380,5270,4880,7460,0
49020,1940,2450,760,520,270,840,230,3800,280,4010,1860,930,5090,1980,1920,6400,9050,40,2220,2610,4340,5100,0
49180,9690,11200,4740,2550,1460,2610,2090,17890,1870,20770,11090,4600,22900,7980,6590,24800,38700,-1,7520,9860,27740,22110,0
49420,2790,2210,750,530,600,1660,470,7220,630,4560,2440,1700,7160,2560,2980,8310,11360,5230,3150,3860,7400,7520,0
49620,6230,6440,2310,4210,810,2340,580,9660,1040,10870,5040,2480,15520,4800,5000,17800,26000,190,8090,8190,20580,21230,0
49660,7750,6330,1830,2540,390,4120,890,12940,1710,15100,9020,5840,24410,6520,5890,27100,31820,110,7650,8890,19500,16500,0
49700,1660,1200,270,510,370,540,110,4230,160,2780,1370,1160,3740,1160,1610,4570,6040,1560,1400,1690,1650,2520,0
49740,2570,1850,580,1230,400,800,220,3900,270,3100,1330,3160,5180,1910,1490,6350,8260,9010,1940,2810,1690,2580,0
70750,3300,2210,1090,600,390,1760,390,4700,840,5050,2670,1430,6160,2580,2930,6790,9810,150,2580,2770,2320,3720,0
70900,5880,2760,1080,1560,1320,1880,400,6100,1120,7970,3180,2400,13440,5400,3940,12110,15340,180,4680,3640,2580,4950,0
71650,221280,169270,133660,-1,40780,52240,25910,174790,41250,175460,80970,61390,215340,80540,88940,256150,385060,-1,89110,75060,107150,132410,0
71654,161850,131390,98150,44700,33690,34040,22170,114680,31900,124290,50110,43780,143020,55560,58930,158450,258860,650,54370,45660,54350,82420,0
71950,36560,29540,14600,5220,3450,7380,4010,28130,8210,22200,11640,9770,33370,16100,15910,44830,66570,220,9800,11970,19880,19470,0
72104,3960,2380,600,600,290,2300,380,7050,660,5650,3820,2280,6200,2190,3100,7640,11940,-1,3420,2910,4880,6430,0
72400,5520,8290,4580,3630,1180,3340,1130,8830,2670,7640,2620,1930,10210,3600,3440,13300,16350,380,4960,5430,7880,6310,0
72850,4600,3130,1710,1630,440,1290,370,5710,1080,5000,2110,1260,6570,2810,3650,10110,13360,100,2690,3040,4960,3990,0
73050,2400,2380,2250,730,300,610,130,5210,490,3090,1460,900,5070,1750,1580,4700,8380,70,1260,1840,3920,2590,0
73104,13710,11660,15010,7810,2450,3680,910,10020,2680,8710,4250,3080,11810,5060,4560,18860,23660,90,7010,5430,7340,6630,0
73450,42060,37550,21190,12560,3850,13490,6010,43950,8850,36820,18230,11370,42810,17400,18730,50790,93450,370,18060,17300,35190,30420,0
73604,3690,1970,780,1010,310,1180,230,5470,620,3330,2190,1270,6720,2060,2230,7270,9210,60,4080,2540,5590,3080,0
74204,4740,2440,1870,1410,340,1650,260,5530,730,7200,3610,1500,6700,2180,3400,10290,12160,0,2340,2370,5690,3380,0
74500,3050,1430,560,520,180,1460,170,4410,360,3670,1480,1190,5590,1210,1690,5670,6920,60,1640,1600,4090,3200,0
74650,2580,1700,840,330,160,980,240,3280,440,3900,1860,560,3740,1480,1940,4820,8630,40,2090,2200,3950,3950,0
74804,12550,7320,9510,6260,2020,2000,640,10140,1400,8030,5300,3430,11120,4050,4360,12050,19550,130,6790,5090,9500,10090,0
74854,2120,1130,310,50,100,1040,150,3550,530,2400,1960,900,4780,1270,2570,5340,6030,0,1650,1580,1860,2660,0
74950,6580,5650,3120,2280,430,1660,990,6970,1630,7350,3670,2200,8250,3710,2890,13370,19110,60,3540,4960,6270,5880,0
75404,8220,5570,5210,3900,520,1110,380,8220,1110,5670,3090,1730,10370,3700,3990,18680,21060,90,4150,4460,10170,7820,0
75550,3030,1650,560,570,390,2930,260,4470,480,4840,2460,1330,6410,1540,2540,6590,8370,-1,2530,2100,6420,4160,0
75700,16250,10930,5900,3960,2650,6660,1930,25280,3320,21000,9150,6360,22660,9520,11250,26720,46340,140,9340,9270,17200,15890,0
76450,5980,4200,1910,7170,1460,2460,460,8280,1640,7070,3030,3880,15810,4770,8040,13690,17140,-1,4350,4100,6110,5390,0
76524,6960,3380,1430,1450,700,3290,540,6190,1200,7890,5220,1980,9440,2790,3860,11310,13380,0,2690,3010,4410,3720,0
76600,2620,1700,670,910,320,940,200,2840,590,3180,1430,820,3990,1290,1740,4270,5960,-1,2030,1380,2160,1420,0
76750,13180,10740,5960,3240,1320,3160,1670,11510,3350,13530,6280,4380,19200,6480,8630,20880,32050,230,6740,7710,9370,11990,0
76900,5650,5280,3250,3380,710,660,380,4300,1200,4700,2310,1290,9140,2620,2420,11860,14950,30,3050,4000,6310,3860,0
77200,26700,27860,15170,8380,2870,11840,3920,38980,7010,38570,23810,14340,59290,17670,16260,58420,89310,160,19760,18160,36960,29850,0
78100,20160,13040,5470,4120,3290,11150,1360,25820,3250,22650,10060,8610,27780,9380,14520,27190,46600,70,9710,10920,20870,22610,0
78254,3470,2040,780,1220,350,1940,250,3950,420,2310,1420,1450,5180,1680,1940,6250,9210,90,2610,2010,3360,6190,0
78700,3700,1950,590,500,190,2100,500,6690,560,4910,2750,1300,5940,1750,2860,6910,10250,-1,2270,2350,6030,4180,0
79600,16590,13720,5870,4000,3100,9030,1140,21240,3170,20310,9360,5840,21860,7480,10710,24250,44120,200,7960,9720,18640,19100,0
