IND_CODE,11-0000,13-0000,15-0000,17-0000,19-0000,21-0000,23-0000,25-0000,27-0000,29-0000,31-0000,33-0000,35-0000,37-0000,39-0000,41-0000,43-0000,45-0000,47-0000,49-0000,51-0000,53-0000,55-0000
110000,302800,21500,0,0,21400,0,0,0,0,0,0,3000,0,31400,0,10200,66000,858700,7900,35000,23100,78700,0
111000,173300,7000,200,2400,4800,0,0,1400,1500,400,0,1300,1300,21300,200,7400,39900,477500,5500,18900,7200,36300,0
112000,110600,5700,0,0,4100,300,0,0,1200,400,1300,1200,1400,3800,8400,1700,12000,285700,700,9700,8500,15900,0
113000,1500,200,0,0,2600,0,0,0,0,0,0,100,0,1700,0,100,5800,38400,300,3900,1600,10600,0
1131-2,800,0,0,0,2100,0,0,300,0,0,0,0,0,1500,0,0,1700,6600,0,2000,600,300,0
113300,800,200,0,0,500,0,0,0,0,0,0,100,0,200,0,100,4100,31700,300,2000,1000,10300,0
114000,1500,1600,0,0,0,0,200,0,0,0,0,100,0,0,0,0,200,10900,300,0,1300,3500,0
115000,15900,6900,1000,0,9900,0,0,900,200,200,0,400,0,4600,18300,1000,8100,46200,1100,2500,4400,12400,0
210000,35400,34300,10600,37400,19500,0,6000,0,900,4500,0,1100,500,1300,100,11300,54600,100,219900,51900,47900,89000,0
211000,16300,24600,8500,22800,11400,0,5700,0,600,1700,0,200,300,400,0,3600,22000,0,28000,6800,11700,15100,0
212000,6900,2700,400,4400,2100,0,0,0,0,800,0,600,0,400,0,1300,12300,0,65900,25000,19200,38900,0
212100,1600,700,100,1300,100,0,0,0,0,400,0,200,0,100,0,100,2000,0,23700,7000,2600,10400,0
212200,1200,900,100,2300,1300,0,0,0,0,200,0,200,0,100,0,0,1200,0,13800,8500,4700,4500,0
212300,4200,1100,200,800,600,0,0,0,0,200,0,100,0,200,0,1200,9100,0,28400,9500,11900,24000,0
213000,12100,7000,1700,10200,6100,0,300,0,100,2000,0,300,200,500,0,6300,20200,0,126000,20000,16900,35000,0
220000,39200,45100,21200,52500,9200,0,1600,200,2300,2500,0,5700,0,2800,0,9700,98000,800,29600,144800,82700,8400,0
221000,39200,45100,21200,52500,9200,0,1600,200,2300,2500,0,5700,0,2800,0,9700,98000,800,29600,144800,82700,8400,0
221100,28000,29600,15200,43600,8100,0,1100,200,1900,2100,0,5500,0,2300,0,5500,61100,0,13300,117600,53000,5100,0
221110,11200,12200,4200,19700,6800,0,400,100,600,1300,0,4900,0,300,0,1500,14200,0,5900,34600,38300,2800,0
221111,300,400,100,400,100,0,0,0,0,0,0,0,0,0,0,0,700,0,100,1600,2400,0,0
221112,6200,7700,3000,7700,1500,0,300,0,300,500,0,300,0,200,0,1100,10200,0,4000,25300,24600,2200,0
221113,3300,3100,800,10700,5200,0,0,0,200,600,0,4600,0,100,0,0,2300,0,1200,4700,8800,500,0
221114,500,500,100,400,0,0,100,0,0,0,0,0,0,0,0,200,300,0,400,300,0,0,0
221115,500,300,100,200,0,0,100,0,0,100,0,0,0,0,0,100,600,0,0,1900,800,0,0
221116,100,100,0,0,0,0,0,0,0,0,0,0,0,0,0,0,100,0,0,300,500,0,0
221117,100,0,0,100,0,0,0,0,0,0,0,0,0,0,0,0,100,0,0,200,900,0,0
221118,100,100,0,100,0,0,0,0,0,0,0,0,0,0,0,0,100,0,0,300,200,0,0
221200,7900,14300,5600,8000,500,0,500,0,300,300,0,100,0,100,0,3700,24500,0,10900,21400,12500,1900,0
221300,3200,1200,300,1000,700,0,0,0,0,100,0,0,0,400,0,500,12400,700,5400,5800,17200,1300,0
230000,412700,228800,15400,84600,1100,100,1300,100,9000,8000,0,5200,1000,35800,800,144900,652900,900,4188700,589000,114000,216700,0
236000,164800,78600,4900,37400,600,100,800,0,4000,3000,0,400,100,12400,0,40000,173000,100,900300,30300,18000,21300,0
236100,66500,32000,1500,7200,0,100,400,0,3000,200,0,100,0,9200,0,32400,97900,0,465100,10500,3200,6300,0
236200,98300,46600,3400,30200,600,0,400,0,1000,2800,0,300,100,3200,0,7600,75000,100,435300,19700,14800,15000,0
237000,61300,27400,2700,17900,300,0,300,0,300,2100,0,2900,800,5100,600,9600,70100,500,537100,103400,29400,72400,0
237100,28100,11500,1800,7200,100,0,100,0,100,1200,0,900,0,1500,0,3700,34700,100,257399,83800,18100,25700,0
237130,11500,4200,1500,3100,0,0,0,0,0,400,0,400,0,200,0,1600,12900,0,58700,68600,1400,6300,0
237200,8700,3700,300,800,0,0,200,0,200,0,0,600,700,2100,600,3200,8400,100,6900,1900,0,600,0
237300,18100,8400,400,5800,100,0,0,0,0,400,0,1300,0,900,0,1600,19300,0,212200,11900,4600,36300,0
237900,6400,3700,200,4100,0,0,0,0,0,500,0,200,0,600,0,1000,7700,200,60600,5800,6700,9800,0
238000,186600,122700,7800,29300,200,0,200,0,4600,3000,0,1900,0,18300,100,95300,409900,300,2751200,455400,66600,123000,0
238100,34200,23600,300,3000,0,0,0,0,100,600,0,100,0,1400,0,14200,64500,0,657300,10000,23600,14500,0
238110,7600,4100,0,700,0,0,0,0,0,200,0,0,0,400,0,1400,12100,0,175000,2100,400,5200,0
238140,4500,3000,0,200,0,0,0,0,0,0,0,0,0,300,0,1200,9000,0,126100,900,700,2400,0
238160,9300,7200,100,200,0,0,0,0,0,200,0,0,0,200,0,4900,17100,0,144100,2000,300,2100,0
238200,94500,59500,7000,22800,100,0,200,0,2800,1500,0,500,0,8800,0,46500,223100,0,1117400,396700,16100,23500,0
238210,41200,27200,4300,10600,0,0,0,0,2000,700,0,300,0,1200,0,13800,80700,0,565800,102800,2400,7700,0
238220,46300,29000,2000,10800,0,0,100,0,700,600,0,100,0,7400,0,27100,129000,0,488700,261000,9300,12100,0
238290,7000,3300,600,1400,0,0,0,0,100,200,0,0,0,200,0,5600,13400,0,62800,32900,4400,3800,0
238300,30200,24100,300,1200,0,0,0,0,1200,300,0,0,0,1700,0,23100,68400,0,575100,19700,17800,9800,0
238310,7800,7200,100,200,0,0,0,0,0,100,0,0,0,100,0,3100,13700,0,199400,1100,400,1900,0
238320,6500,5200,0,100,0,0,0,0,0,200,0,0,0,400,0,1800,14400,0,166500,1000,1200,600,0
238900,27800,15600,200,2300,100,0,0,0,400,600,0,1300,0,6400,0,11500,54000,200,401400,29100,9100,75200,0
31-330,701600,475700,288800,795400,119100,300,6500,700,82900,24800,1000,14500,57300,66300,2300,393700,1123700,33000,189100,621400,6377100,973200,0
311000,52500,30000,5000,9400,16000,100,200,0,2100,3100,0,2000,38600,22900,300,62300,110400,18600,4400,91600,832500,252000,0
311100,3300,1700,0,300,1000,0,0,0,100,200,0,100,0,600,100,2500,7100,600,100,3900,25000,10900,0
311200,3000,2300,500,1100,1700,0,0,0,100,100,0,0,0,900,0,700,4500,500,400,5500,30300,8100,0
311300,3800,2000,400,1000,1100,0,0,0,200,100,0,100,900,1000,0,7800,5900,100,500,5800,33300,12500,0
311400,6600,4000,400,1300,2400,0,0,0,100,400,0,200,1600,3200,0,2300,12300,4200,900,14900,88500,29800,0
311500,5700,3300,800,1100,3100,0,0,0,300,300,0,300,2600,1600,0,4500,12200,600,300,10600,67200,26200,0
311600,8200,5300,600,900,1700,100,0,0,200,1500,0,800,700,5200,0,3700,26600,9200,1200,26400,324700,77400,0
311700,1400,500,0,100,100,0,0,0,0,0,0,100,600,900,0,800,2400,1400,100,1900,23400,5900,0
311800,10200,5000,900,700,800,0,100,0,600,200,0,100,23100,6300,0,34200,20000,0,200,11100,148900,41400,0
311900,10400,6000,1100,2900,4200,0,0,0,500,300,0,200,9200,3200,0,5700,19300,1900,600,11600,91100,39700,0
312000,12800,7000,1200,1700,1700,0,0,0,5400,100,0,300,17200,2300,1200,33700,23400,6800,1400,16200,75600,38000,0
312100,11900,6700,1100,1500,1600,0,0,0,5400,100,0,300,17200,2200,1200,33300,22400,6800,800,14900,69000,36500,0
312200,800,300,100,200,100,0,0,0,0,0,0,0,0,100,0,400,1000,0,600,1300,6600,1400,0
313-40,8900,3900,1000,2500,700,0,0,0,2400,100,0,100,0,900,0,6800,24600,0,1700,13400,147600,14300,0
313000,4200,1900,500,1600,600,0,0,0,700,100,0,100,0,500,0,2000,10200,0,700,9200,75200,6400,0
314000,4700,2000,500,900,100,0,0,0,1700,100,0,0,0,400,0,4900,14300,0,1000,4200,72400,7900,0
315-60,7400,3800,1100,600,0,0,0,0,5100,0,0,100,0,800,0,6100,19000,0,0,3000,105600,8000,0
315000,5900,2800,700,300,0,0,0,0,4200,0,0,100,0,700,0,4800,15800,0,0,2300,87100,6500,0
316000,1400,1000,400,300,0,0,0,0,500,0,0,0,0,200,0,1200,3200,0,0,700,18600,1500,0
321000,13300,6200,800,4700,800,0,0,0,700,300,0,800,0,2200,0,10800,27500,6500,18100,18700,211700,69100,0
321100,2700,1100,100,200,600,0,0,0,0,100,0,500,0,700,0,1600,5400,5200,1300,6900,40200,25000,0
321200,2700,1600,200,1900,100,0,0,0,200,100,0,200,0,500,0,2100,4400,500,3600,5000,41400,14200,0
321900,7900,3500,500,2500,100,0,0,0,500,100,0,200,0,900,0,7100,17700,800,13200,6800,130100,29900,0
322000,17200,9400,2300,9000,900,0,100,0,2900,700,0,300,0,1400,0,10500,33500,400,2900,32200,200600,46600,0
322100,4200,2400,800,4200,400,0,0,0,100,300,0,200,0,400,0,800,6500,400,2000,16500,51200,9500,0
322200,12900,7100,1500,4800,400,0,0,0,2900,400,0,100,0,1000,0,9700,27000,0,800,15700,149400,37000,0
323000,23200,12200,5900,1100,100,0,0,0,19900,100,0,100,0,1500,0,26700,81300,0,400,7500,233100,33300,0
324000,6200,5300,1200,10800,4400,0,0,0,100,800,0,200,0,100,0,1900,7600,0,7900,10300,47300,7400,0
325000,72100,47600,17100,47900,76800,0,1300,0,2800,5900,300,1300,200,3800,100,22200,78500,300,4000,52200,329000,47800,0
325100,10200,7000,1400,12200,11700,0,100,0,100,1200,0,200,0,400,0,2900,11000,0,1500,14700,61700,11400,0
325200,5800,4800,1500,8700,4900,0,100,0,200,700,0,100,0,100,0,2100,6400,0,900,8500,44700,3200,0
325300,2500,1200,200,1500,1500,0,0,0,0,200,0,0,0,100,0,1200,3700,200,400,3600,14900,4700,0
325400,34300,23300,10300,17600,45800,0,900,0,1700,3000,300,700,200,2100,100,4600,24900,100,600,12500,94300,9800,0
325500,4900,2700,600,1800,5100,0,0,0,100,200,0,100,0,200,0,3600,8200,0,100,2600,28000,4000,0
325600,8400,5400,1500,2300,4600,0,100,0,500,300,0,0,0,600,0,3800,14600,0,300,6000,47000,10100,0
325900,5900,3400,1500,3800,3300,0,0,0,200,300,0,100,0,300,0,3900,9800,0,300,4300,38500,4500,0
326000,33700,18000,4700,24200,1800,0,100,0,1400,700,0,400,0,3000,0,15900,61000,0,3100,42500,425300,62900,0
326100,28300,15000,3700,18900,1300,0,0,0,1300,500,0,300,0,2600,0,13400,51900,0,2100,32400,336500,57400,0
326200,5400,3000,1100,5300,600,0,0,0,100,200,0,0,0,400,0,2500,9100,0,900,10100,88800,5600,0
327000,18500,7700,1400,9000,700,0,0,0,1700,500,0,200,0,1400,100,13900,35300,0,22300,25700,164700,104200,0
327100,1900,800,200,1300,0,0,0,0,600,100,0,100,0,300,0,1500,3500,0,300,2600,22200,4200,0
327200,3400,1900,400,2400,100,0,0,0,700,100,0,0,0,300,0,2000,7300,0,1500,6600,47400,11700,0
327300,8600,2800,300,2000,200,0,0,0,100,200,0,100,0,600,0,6500,16200,0,13100,11500,49200,79900,0
"3274,9",4500,2300,500,3300,300,0,0,0,300,200,0,0,0,200,0,4000,8300,0,7300,5000,46000,8400,0
327400,700,300,0,300,0,0,0,0,0,0,0,0,0,0,0,300,1000,0,1100,1500,7400,1700,0
327900,3900,2000,400,2900,300,0,0,0,300,100,0,0,0,200,0,3700,7300,0,6200,3500,38600,6700,0
331000,16500,8600,2500,16700,1500,0,0,0,200,1400,0,800,0,1500,0,6400,26100,0,7800,38400,219100,30400,0
331100,3200,2000,700,4700,600,0,0,0,0,400,0,300,0,100,0,1100,5100,0,3900,12900,39300,9300,0
331200,2800,1300,300,1800,0,0,0,0,0,100,0,100,0,200,0,1600,4900,0,800,4500,31000,6500,0
331300,2300,1300,300,2100,200,0,0,0,0,300,0,100,0,200,0,900,4100,0,1400,6900,32299,6900,0
331400,3300,1800,500,2800,500,0,0,0,0,300,0,200,0,200,0,1500,5100,0,800,5300,35900,3200,0
331500,4900,2200,600,5200,100,0,0,0,100,300,0,100,0,700,0,1300,7000,0,800,8900,80600,4500,0
332000,80600,42700,10100,58400,1500,0,200,0,1900,1500,0,2100,0,7600,100,35800,144800,0,41000,51400,871300,72800,0
332100,5700,2600,700,4500,100,0,0,0,100,100,0,0,0,500,0,1800,8500,0,900,4700,63200,4700,0
332200,2300,1100,400,1700,0,0,0,0,200,0,0,0,0,200,0,1200,4900,0,200,1100,23100,2000,0
332300,19700,13600,2100,14700,100,0,0,0,400,400,0,100,0,1600,0,11500,37100,0,27700,10300,206900,21200,0
332400,5000,2800,500,5200,0,0,0,0,100,200,0,0,0,400,0,1900,7400,0,3400,6500,53100,5600,0
332500,2300,1200,600,1200,0,0,0,0,100,0,0,0,0,0,0,1100,3000,0,100,700,13500,1300,0
332600,2500,1200,400,1100,0,0,0,0,100,0,0,0,0,100,0,1900,5100,0,300,1700,26100,2400,0
332700,19200,8300,1500,9800,100,0,0,0,200,100,0,0,0,2500,0,6600,37300,0,1400,9800,246300,9500,0
332710,15100,6600,1200,7000,100,0,0,0,100,100,0,0,0,2100,0,4800,28500,0,1200,7600,192600,6600,0
332720,4100,1800,400,2800,0,0,0,0,100,0,0,0,0,400,0,1800,8700,0,100,2200,53600,2900,0
332800,7700,2100,400,2000,500,0,0,0,200,100,0,0,0,700,0,2300,13200,0,400,5000,88300,13400,0
332900,16200,9800,3500,18100,600,0,100,0,600,500,0,1800,0,1600,0,7500,28400,0,6700,11600,150800,12700,0
333000,71500,49100,21700,109400,1600,0,600,0,4600,1300,0,400,100,4400,0,39500,107200,200,13500,48300,569200,37500,0
333100,11900,10900,3800,18800,700,0,200,0,900,400,0,100,0,900,0,7400,18300,200,4000,9900,108800,11100,0
333200,10300,6300,3200,16900,200,0,100,0,800,0,0,0,0,400,0,5300,12500,0,1000,5000,48900,2700,0
333300,7700,5700,5300,9800,200,0,100,0,500,100,0,100,0,300,0,3900,10000,0,700,3400,39100,3000,0
333400,6700,4400,1600,9800,100,0,100,0,400,200,0,0,0,400,0,4300,11600,0,3500,5600,74000,6000,0
333500,10700,5000,1900,13000,0,0,0,0,700,100,0,0,0,1400,0,5500,17500,0,600,5800,114300,3700,0
333600,6300,5100,1900,13600,100,0,0,0,200,200,0,0,0,200,0,2000,8400,0,600,5200,52900,2400,0
333900,17900,11700,4200,27500,300,0,100,0,1200,300,0,100,0,900,0,11000,29000,0,3100,13400,131200,8400,0
334000,109500,84600,137100,228500,4600,0,2400,100,8000,1000,0,1100,100,2400,0,36400,93000,0,1300,27400,296600,14000,0
334100,19300,19100,53100,26400,100,0,700,0,1300,0,0,0,0,200,0,7300,11800,0,0,2400,20900,1500,0
334200,9700,6600,13100,16600,100,0,200,0,900,0,0,100,0,200,0,4200,9300,0,300,2000,21000,1200,0
334300,2300,1500,2100,3000,0,0,100,0,300,0,0,0,0,100,0,1000,2900,0,0,400,5900,200,0
334400,31500,21700,23300,95100,900,0,700,0,1700,300,0,300,0,900,0,9600,27700,0,200,9800,138000,5400,0
334500,45100,34500,44000,85100,3500,0,800,0,2900,600,0,600,0,1100,0,13500,39000,0,800,12300,107200,4800,0
334600,1400,1100,1600,2400,0,0,0,0,800,0,0,0,0,0,0,800,2400,0,0,500,3600,800,0
335000,25700,17600,7800,40000,600,0,200,100,1600,400,0,100,0,1300,0,12900,36000,0,2000,14900,202100,20000,0
335100,3300,2400,800,3400,0,0,0,0,400,0,0,0,0,200,0,2500,6700,0,200,2100,23000,3000,0
335200,2700,3100,700,4100,0,0,100,0,500,100,0,0,0,100,0,900,4800,0,400,2600,37400,6500,0
335300,10200,6700,3900,20100,100,0,100,0,400,100,0,0,0,400,0,4900,11800,0,1000,4800,71200,3600,0
335900,9600,5400,2300,12400,500,0,100,0,300,100,0,0,0,700,0,4600,12700,0,400,5400,70600,6900,0
336000,74600,87400,54200,180400,2000,0,600,200,6400,2600,0,3700,100,4700,0,16700,94100,0,41100,102000,893500,60800,0
336100,5100,4600,0,10400,0,0,0,0,100,300,0,0,0,100,0,500,3100,0,5900,10900,160300,5100,0
336200,5000,3200,900,4500,0,0,0,0,500,100,0,100,0,600,0,3900,10100,0,3500,7800,102300,8600,0
336300,25100,17800,5500,45400,600,0,100,0,2000,600,0,400,0,1600,0,6400,34400,0,5900,32400,372100,29700,0
336400,31000,54400,43900,102000,900,0,500,100,2600,1000,0,2500,0,1900,0,3900,32299,0,4100,38000,161600,8500,0
336500,1200,800,300,2000,0,0,0,0,100,100,0,0,0,100,0,300,1600,0,400,2200,16000,1200,0
336600,5300,5100,1300,13900,0,0,0,0,400,400,0,600,0,400,0,800,9700,0,21100,9200,61600,4800,0
336900,1800,1400,400,2300,0,0,0,0,200,0,0,0,0,100,0,1000,2900,0,300,1500,19700,2800,0
337000,16400,9400,2800,8600,0,0,0,0,2800,100,0,100,100,1700,100,11200,39000,0,12300,7600,247400,29400,0
337100,8600,4700,1300,4100,0,0,0,0,1600,100,0,100,0,1100,0,6400,22900,0,8400,4400,161800,19400,0
337110,4100,2100,400,1800,0,0,0,0,700,0,0,0,0,500,0,3300,10400,0,6500,1900,76300,6800,0
337120,4400,2500,800,2300,0,0,0,0,900,0,0,100,0,600,0,3100,12500,0,1900,2500,85500,12600,0
337200,6200,3900,1200,4300,0,0,0,0,1100,100,0,0,0,400,0,2900,11300,0,3500,2100,62900,6800,0
337900,1600,800,300,200,0,0,0,0,100,0,0,0,0,200,0,1800,4800,0,300,1100,22700,3200,0
339000,41000,25000,11000,32299,3300,100,500,100,12900,4200,600,500,200,2400,0,24000,81500,0,3900,18000,304700,24800,0
339100,23000,15300,6200,24100,2800,100,400,100,1500,4000,600,200,200,1300,0,8600,41500,0,200,7500,158900,11700,0
339900,18000,9700,4700,8200,500,0,100,0,11400,200,0,300,0,1200,0,15400,40000,0,3700,10500,145800,13200,0
339910,1200,600,100,200,0,0,0,0,600,0,0,100,0,100,0,1700,4700,0,0,300,16500,400,0
420000,416300,291100,174200,63200,14800,500,3600,800,71600,29600,1400,4400,7100,26400,1600,1493200,1335100,43300,22900,385500,310900,1169600,0
423000,218000,151500,122900,45800,1200,0,2100,200,18900,6200,500,1800,400,7500,0,715300,680300,400,19000,313700,165900,457800,0
423100,19300,10800,3400,2800,0,0,300,0,800,100,0,500,100,1100,0,74200,69300,0,300,51100,10900,87000,0
423200,8400,5800,1500,200,0,0,0,0,4600,0,0,100,0,400,0,23900,31100,0,1300,2500,6200,20800,0
423300,14200,7600,1000,800,0,0,0,0,500,100,0,100,0,500,0,50500,41800,200,6600,5000,17700,70400,0
423400,53000,48700,85900,11300,500,0,800,100,4500,5600,400,500,100,900,0,140600,153400,0,500,60400,19800,34000,0
423500,9200,5000,1000,1100,0,0,0,0,100,100,0,0,0,200,0,23200,23700,0,900,2700,25600,30600,0
423600,29400,22300,16200,12400,100,0,100,0,1900,0,0,100,0,500,0,94600,78800,0,1900,26500,14800,28700,0
423700,18500,11300,2900,2500,0,0,0,0,700,0,0,0,0,500,0,80000,67600,0,1700,13700,7200,40600,0
423800,47400,27100,7800,13400,500,0,200,200,1200,300,0,100,0,2500,100,178600,143900,100,4100,137500,39200,65099,0
423820,5600,2300,500,400,0,0,0,0,100,0,0,0,0,700,0,31400,17900,0,500,33000,2500,8000,0
423900,18600,13000,3200,1200,100,0,200,0,4500,100,0,500,0,800,100,49700,70800,200,1800,14300,24500,80500,0
424000,131900,87200,18400,5100,10300,400,800,400,40400,21300,800,1400,6200,15500,1000,414000,464200,39500,1800,40300,119000,621000,0
424100,8400,6000,1700,400,0,0,0,0,1900,0,0,0,0,300,0,31100,35300,0,0,1700,6500,27300,0
424200,16100,12600,4100,1200,3100,400,300,0,1600,20100,800,100,100,600,200,54500,50600,0,0,1300,9300,24900,0
424300,12400,8600,2200,200,0,0,100,0,10900,0,0,100,0,500,0,31100,52900,0,0,700,9500,22800,0
424400,38100,26200,3600,900,1000,0,100,0,10700,700,0,800,5200,6000,100,112100,159200,6600,100,17500,55500,308700,0
424500,4400,2700,200,0,600,0,0,0,100,100,0,0,400,1400,500,6900,12100,12400,100,1800,3700,26200,0
424600,11800,7300,1100,1600,2400,0,100,0,200,100,0,0,0,500,0,31300,27600,0,1100,3800,14700,24600,0
424700,6500,3100,600,300,100,0,0,0,0,100,0,100,200,400,0,16200,20300,0,200,5800,3600,38100,0
424800,14000,9200,1200,100,0,0,100,0,8800,0,0,100,200,600,0,62000,29700,0,0,2400,1800,63800,0
424900,20200,11500,3700,300,2900,0,100,300,6200,100,0,200,200,5200,200,68900,76600,20300,300,5300,14400,84700,0
425000,66300,52400,32900,12300,3300,0,700,200,12300,2100,200,1200,500,3300,100,363800,190600,3400,2100,31500,26100,90800,0
44-450,397900,159300,51600,3000,500,1100,1900,8900,127900,535900,34100,61600,563700,123000,81200,8629000,2772100,19500,37300,774600,387100,1049100,0
441000,90700,39600,3300,100,0,0,1000,100,1900,0,0,1200,700,11400,500,742500,260000,0,100,544800,11300,272500,0
441100,68100,34800,2500,0,0,0,900,0,1000,0,0,1100,500,9200,500,455800,195500,0,100,321700,6500,183400,0
441200,7500,2400,300,0,0,0,0,100,200,0,0,100,200,1400,0,58700,22500,0,0,45500,900,10500,0
441300,15100,2400,500,100,0,0,0,0,600,0,0,0,0,800,0,227900,42000,0,0,177600,4000,78600,0
442000,16400,6400,1200,0,0,0,0,100,11900,0,0,900,2400,3100,300,270800,81500,0,12500,5800,8400,51800,0
442100,8500,3100,600,0,0,0,0,0,7600,0,0,500,1500,1900,300,112000,42000,0,400,2500,4100,41600,0
442200,7900,3200,600,0,0,0,0,100,4300,0,0,400,900,1200,0,158900,39500,0,12100,3300,4300,10100,0
443000,12800,3600,7900,700,0,0,0,600,1200,0,0,4400,400,400,0,365300,59600,0,200,51500,800,12400,0
444000,34900,16200,1500,1200,100,0,0,0,11900,100,0,2900,200,13900,0,724200,250600,12400,19400,31700,13600,136600,0
444100,29600,14700,1400,800,0,0,0,0,10500,100,0,2900,100,5300,0,650200,234000,200,19300,15900,12700,117100,0
444200,5400,1500,200,400,100,0,0,0,1300,0,0,0,0,8600,0,74000,16600,12300,100,15800,1000,19500,0
4445R0,214500,90000,46000,2900,500,1100,900,8600,91300,398800,27400,15700,108800,35100,55400,4749700,961800,15500,36900,200600,99600,417600,0
445000,54900,15400,1600,0,0,0,0,100,10300,54700,3100,4700,389500,23500,1000,1338800,762400,3900,0,8000,217500,199400,0
445100,43200,12300,1400,0,0,0,0,100,9300,54700,3100,4400,337800,21400,900,1113900,722400,1800,0,6800,188100,181200,0
445200,6200,1500,100,0,0,0,0,0,700,0,0,100,49100,1800,100,100700,22100,2100,0,1000,29000,14900,0
445300,5500,1600,100,0,0,0,0,0,300,0,0,100,2700,300,0,124100,17800,100,0,100,400,3200,0
446000,28500,7100,1500,0,0,200,0,0,1100,387600,26900,1900,4600,1700,13600,442600,86400,900,0,3700,14400,26800,0
446100,28500,7100,1500,0,0,200,0,0,1100,387600,26900,1900,4600,1700,13600,442600,86400,900,0,3700,14400,26800,0
446110,18500,3900,700,0,0,200,0,0,400,349800,25300,1800,3100,1300,300,256800,43800,0,0,600,3400,21300,0
447000,16400,1300,100,0,0,0,0,0,100,0,0,200,83300,6100,0,726800,30100,0,0,23400,700,37000,0
448000,29900,6900,1400,0,0,0,0,0,11800,0,0,3400,0,1700,900,1168000,93200,0,0,1600,23100,3300,0
448100,19700,4400,800,0,0,0,0,0,11100,0,0,2100,0,1300,800,868300,72100,0,0,500,11300,2100,0
448200,5200,1000,200,0,0,0,0,0,200,0,0,0,0,100,0,196200,9300,0,0,0,200,400,0
448300,5100,1500,400,0,0,0,0,0,400,0,0,1100,0,400,0,103500,11900,0,0,1100,11500,200,0
451000,18100,6800,2100,0,0,0,0,7400,4600,0,0,700,8400,1800,1600,462700,65600,0,0,23900,10600,6200,0
451100,14400,5300,1800,0,0,0,0,7400,4200,0,0,700,3300,1700,1600,396600,58500,0,0,23700,10600,6000,0
451110,8300,3400,0,0,0,0,0,800,2000,0,0,700,3100,1500,1500,215100,35900,0,0,16500,3900,3000,0
451200,3700,1600,400,0,0,0,0,0,400,0,0,0,5100,100,0,66100,7200,0,0,200,0,200,0
452000,37800,14300,600,0,0,0,0,0,24500,82400,3700,40000,64599,53000,24300,1798100,787800,0,100,21200,58700,159600,0
452100,12300,8800,200,0,0,0,0,0,22200,24200,700,26300,21100,8600,15000,775400,323500,0,100,3500,6100,60600,0
452900,25500,5500,400,0,0,0,0,0,2200,58200,3000,13700,43500,44500,300,1022700,464300,0,0,17700,52600,98900,0
453000,25900,8800,4300,200,0,900,0,300,34800,100,0,500,4100,4700,38500,524200,98000,1300,3100,23700,13700,45600,0
453100,1600,300,0,0,0,0,0,0,28000,0,0,0,200,600,0,14800,4100,900,0,100,100,11600,0
453200,8000,2700,3000,0,0,0,0,0,2300,0,0,100,2100,700,700,207100,28800,0,0,7500,800,7400,0
453300,4400,2300,400,0,0,900,0,100,700,0,0,200,900,1600,0,110700,30200,0,200,1900,3500,16500,0
453900,11900,3400,900,100,0,0,0,200,3800,0,0,200,900,1800,37600,191500,34800,300,2900,14300,9200,10100,0
454000,31600,32900,26000,700,300,0,500,100,13900,10900,0,800,4800,1700,300,65099,196800,300,1500,35200,14200,97900,0
454100,21900,29600,24800,600,200,0,400,100,13000,10800,0,700,300,1200,300,43400,155800,200,200,3300,12900,41500,0
454200,1700,400,200,0,0,0,0,0,100,0,0,0,3900,100,0,2400,5600,0,0,13600,100,11300,0
454300,8000,2900,1000,100,100,0,100,0,800,0,0,100,600,400,0,19300,35400,100,1300,18300,1200,45100,0
48-490,153500,88100,26500,20000,2100,100,1400,400,3700,6200,800,36600,8900,17800,19700,70800,858300,2900,28700,302400,76800,3263500,0
481000,10700,8800,2900,1600,0,0,200,100,700,400,0,500,1200,900,1100,3500,130699,0,0,45400,1100,265400,0
481100,8300,7600,2700,1300,0,0,100,0,500,200,0,400,1100,800,1000,2400,123500,0,0,36900,700,245600,0
481200,2400,1300,300,300,0,0,0,100,200,200,0,100,0,100,100,1100,7200,0,0,8500,400,19900,0
482000,13600,4900,2500,2600,100,0,500,0,200,200,0,800,100,600,300,400,13900,0,18200,31800,10400,113300,0
483000,3100,2700,600,800,0,0,0,0,100,100,0,100,2000,100,100,1800,9200,0,100,2100,500,42100,0
483100,2300,2100,500,400,0,0,0,0,0,0,0,0,1000,100,100,1500,6900,0,100,900,400,22000,0
483200,800,500,100,400,0,0,0,0,0,0,0,100,1000,100,0,300,2300,0,100,1200,200,20200,0
484000,41300,20200,3800,600,0,0,100,0,300,2500,0,1400,0,2600,0,18900,180900,1700,3200,71900,2900,1101100,0
484100,26600,13400,2500,200,0,0,100,0,0,2000,0,1100,0,1800,0,10900,120900,700,500,47500,1600,772700,0
484200,14700,6800,1300,400,0,0,100,0,200,500,0,300,0,800,0,7900,59900,1000,2800,24400,1400,328500,0
485000,8600,3600,400,0,100,0,0,0,100,1100,0,24500,300,1000,1200,2300,51000,0,0,19600,0,363700,0
485100,1100,900,100,0,0,0,0,0,100,0,0,300,0,200,0,100,4700,0,0,5000,0,37000,0
485200,400,200,0,0,0,0,0,0,0,0,0,0,300,200,0,0,3600,0,0,1300,0,13400,0
485300,2000,800,100,0,0,0,0,0,0,0,0,0,0,100,200,1100,19000,0,0,2400,0,53700,0
485400,2000,600,0,0,0,0,0,0,0,100,0,22100,0,200,300,100,6200,0,0,6300,0,157600,0
485500,800,300,0,0,0,0,0,0,0,0,0,100,0,200,200,700,3000,0,0,2000,0,23600,0
485900,2400,800,100,0,0,0,0,0,0,900,0,1800,0,200,400,300,14400,0,0,2600,0,78300,0
486000,3000,3500,1200,5100,1000,0,200,0,100,200,0,0,0,0,0,500,3500,0,2500,8000,15100,5600,0
486100,700,800,300,2100,300,0,0,0,0,0,0,0,0,0,0,100,600,0,300,1600,3300,1200,0
486200,1800,2100,700,2000,400,0,100,0,0,100,0,0,0,0,0,300,2300,0,1900,5300,8500,3700,0
486900,600,500,200,1000,200,0,0,0,0,0,0,0,0,0,0,100,600,0,300,1200,3400,600,0
487-80,34100,20100,7300,4800,500,0,200,200,600,500,0,3100,4100,4000,16800,24700,196100,500,3500,86100,17800,269500,0
487000,1300,500,0,0,0,0,0,0,300,0,0,0,3500,300,4400,2200,4900,200,0,1900,0,14900,0
487100,500,200,0,0,0,0,0,0,100,0,0,0,800,100,3000,1200,2300,100,0,1000,0,5400,0
487200,600,300,0,0,0,0,0,0,200,0,0,0,2700,200,1100,800,1800,100,0,400,0,8100,0
487900,200,100,0,0,0,0,0,0,0,0,0,0,0,0,300,200,800,0,0,400,0,1400,0
488000,32800,19600,7300,4800,400,0,200,200,400,400,0,3100,0,3700,12300,22500,191200,300,3400,84200,17700,254700,0
488100,6600,5500,1700,3600,0,0,0,200,200,200,0,2000,100,2600,12000,2600,37800,0,900,57700,9800,52000,0
488200,1400,500,0,200,0,0,0,0,0,0,0,100,0,100,0,200,2500,0,1100,9000,2200,15700,0
488300,3200,1200,300,600,100,0,0,0,0,100,0,300,0,100,0,500,9100,0,600,7700,2100,64099,0
488400,3200,900,200,0,0,0,0,0,0,0,0,400,0,400,0,2100,19700,0,300,7200,600,62700,0
488500,17100,10900,4900,200,0,0,100,0,100,100,0,300,0,300,0,16100,114800,0,0,1900,900,42500,0
488900,1300,600,100,100,0,0,0,0,0,0,0,0,0,200,0,1000,7300,0,500,800,2100,17700,0
491000,16700,8100,2000,5900,100,0,300,200,100,500,0,1400,0,15900,0,900,529400,0,100,15600,100,11600,0
492000,10100,6200,2200,1500,0,0,0,0,100,0,0,1100,0,300,0,5200,69000,0,0,11000,0,534400,0
492100,7900,5800,2100,1500,0,0,0,0,0,0,0,1100,0,0,0,4200,48000,0,0,10800,0,492000,0
492200,2100,400,100,0,0,0,0,0,0,0,0,0,0,0,0,1000,21000,0,0,100,0,42400,0
493000,29000,18100,5600,3000,300,0,0,0,1500,900,0,5100,700,8200,300,13600,204000,600,700,26300,28800,568300,0
510000,199300,219900,564600,40800,1700,300,8600,18000,450700,2200,0,4800,51000,7300,64700,327000,466300,0,10500,255900,33100,44600,0
511000,66400,64400,210400,3600,400,0,2500,1700,119800,100,0,300,100,1400,0,89500,113000,0,300,2900,28200,24800,0
511100,27000,21000,21500,400,300,0,600,1300,107500,0,0,200,100,1100,0,56500,82500,0,300,2300,27300,24300,0
511110,8500,3900,3900,0,100,0,100,100,54000,0,0,200,0,800,0,27700,38900,0,200,1500,18700,20000,0
511200,39300,43400,188900,3200,100,0,1900,400,12300,100,0,0,0,300,0,33000,30500,0,0,600,800,200,0
512000,15600,14800,6000,700,0,100,800,500,165600,500,0,2200,50400,2300,63800,28800,39500,0,7700,1700,2200,16100,0
512100,13900,13300,5400,700,0,0,800,400,158700,500,0,2200,50400,2200,63800,27900,36100,0,7700,1700,1900,15700,0
512130,4500,300,0,0,0,0,0,0,300,0,0,1500,49000,1800,57300,23100,1200,0,0,600,0,0,0
512200,1700,1500,700,0,0,0,0,0,7000,0,0,0,0,100,0,900,3300,0,0,0,300,300,0
515000,22500,13900,11100,1600,800,0,600,300,131200,0,0,0,0,900,400,35200,36700,0,0,11500,200,1000,0
515100,18400,10200,6600,1100,800,0,500,200,121000,0,0,0,0,900,300,29000,24100,0,0,1400,0,700,0
515110,5900,2800,1600,200,0,0,0,0,43600,0,0,0,0,500,0,17000,12000,0,0,300,0,200,0
515120,12600,7400,5000,800,800,0,500,100,77300,0,0,100,0,400,200,12000,12100,0,0,1100,100,500,0
515200,4100,3700,4500,500,0,0,100,100,10200,0,0,0,0,0,100,6100,12600,0,0,10100,0,300,0
517000,37000,67900,134200,32200,0,0,1800,100,4400,400,0,500,100,700,0,117100,156800,0,2200,236900,400,1700,0
517100,22800,48300,96900,21900,0,0,1400,100,3400,400,0,400,0,500,0,65500,113000,0,2000,210500,200,1200,0
517200,7400,13200,17500,8000,0,0,200,0,300,0,0,0,0,0,0,33700,25500,0,0,14600,0,200,0
5174-9,6900,6400,19800,2300,0,0,200,0,700,0,0,100,0,100,0,17900,18300,0,100,11800,200,100,0
517400,800,700,1900,500,0,0,0,0,200,0,0,0,0,0,0,700,1200,0,0,1700,0,0,0
517900,6000,5700,18000,1800,0,0,200,0,600,0,0,0,0,100,0,17200,17100,0,100,10100,200,100,0
518000,28500,30800,123500,2300,200,0,1300,100,3700,1100,0,300,0,200,0,23000,79500,0,100,2100,1500,800,0
519000,29300,28000,79400,400,200,100,1500,15300,26000,0,0,800,100,1900,300,33500,40700,0,0,800,500,300,0
520000,502500,1504700,424600,3700,3000,8700,57000,600,19200,51700,1300,8600,900,9800,1100,879800,2647700,100,800,11500,2300,2600,0
521-20,215100,581900,152000,400,1000,0,9500,200,5300,100,0,5500,200,5000,100,242200,1395500,0,300,5700,600,900,0
521000,2700,6300,4100,100,500,0,100,0,300,0,0,1100,0,100,0,0,2700,0,100,200,100,0,0
522000,212400,575600,147900,400,500,0,9400,200,5000,100,0,4400,200,4900,100,251000,1392800,0,200,5500,500,900,0
522100,149700,329900,81000,100,100,0,4700,100,3200,100,0,3300,200,4200,100,160600,957900,0,0,3500,0,100,0
522200,43300,179600,36800,200,400,0,3600,0,1100,0,0,600,100,500,0,64900,278200,0,100,1100,300,700,0
522290,29700,132400,18000,0,100,0,2300,0,600,0,0,400,100,400,0,48200,192000,0,100,700,300,400,0
522300,19400,66200,30200,100,0,0,1100,0,800,0,0,500,0,200,0,25500,156600,0,100,800,200,100,0
"523,50",89000,326600,61800,700,600,100,7800,0,3300,200,0,500,100,1500,700,13400,251000,100,100,1500,0,1000,0
523000,87900,323100,61500,700,600,100,7500,0,3300,300,0,500,100,1500,500,180400,247500,0,100,1500,0,900,0
523100,36600,126200,29500,0,400,0,2200,0,1100,0,0,200,0,300,0,132500,118100,0,0,300,0,0,0
523200,1000,1400,800,0,0,0,100,0,0,0,0,0,0,0,0,800,600,0,0,0,0,0,0
523900,50300,195600,31200,600,200,100,5300,0,2200,300,0,100,100,1100,500,47100,128900,0,0,1200,0,700,0
524000,198400,596300,210800,2700,1400,8500,39600,300,10600,51200,1200,2500,500,3200,300,447300,1001200,0,400,4300,1500,700,0
524100,133500,416000,172200,1800,1200,6800,35300,300,8000,38800,800,1800,500,1400,200,132000,529300,0,300,3200,1100,600,0
524114,43400,96900,62200,0,900,5800,2100,0,3500,30500,600,500,0,300,100,27200,188100,0,0,900,200,200,0
524120,45200,222900,59400,1600,0,300,29200,100,2300,2200,0,1000,200,800,100,56200,223900,0,200,1700,500,200,0
524200,64900,180300,38600,800,200,1800,4300,0,2600,12500,400,700,0,1800,100,315300,471900,0,200,1100,0,100,0
524210,38400,79500,15800,700,0,100,1700,0,1600,2300,0,0,0,1600,0,297400,336800,0,0,800,0,100,0
524290,26500,100800,22900,200,200,1600,2700,0,1000,10200,400,700,0,200,100,17900,135100,0,200,300,0,100,0
525000,1100,3400,300,0,0,0,300,0,0,0,0,0,0,100,200,200,3500,0,0,100,0,0,0
525100,500,1600,200,0,0,0,0,0,0,100,0,0,0,0,0,200,2000,0,0,0,0,0,0
525900,600,1800,100,0,0,0,100,0,0,0,0,0,0,100,200,100,1500,0,0,100,0,0,0
530000,248900,119900,15900,2800,300,1700,8200,600,19200,5500,1000,30300,17800,143700,22700,478400,457100,800,26600,390100,11800,139500,0
531000,214800,101900,10700,2200,300,1700,7600,300,4000,200,0,29600,16200,140700,20500,289800,366600,700,18500,316800,3600,12100,0
531100,74800,20900,1900,700,200,1000,1100,300,1100,200,0,17300,13000,70200,10700,103800,100200,600,9100,149900,1000,7800,0
531200,27700,19700,3600,100,0,0,1100,0,1500,0,0,0,0,9300,500,97800,120300,0,1100,19400,300,800,0
531300,112300,61300,5200,1400,100,700,5400,0,1400,0,0,11800,3200,61200,9300,88100,146100,0,8300,147500,2200,3500,0
532000,30200,12500,3600,400,0,100,200,300,14300,5000,800,700,1100,2900,2200,184800,84300,0,8000,73200,8100,127400,0
532100,9200,5500,1700,100,0,0,100,0,0,0,0,200,0,1600,0,77600,29000,0,0,26500,700,54100,0
5322-3,10300,2000,600,0,0,100,0,0,4200,4400,600,100,1000,900,2200,78500,36200,0,1000,14800,4500,46700,0
532200,8200,1700,600,0,0,100,0,0,3000,4400,600,100,900,600,2200,66100,31400,0,300,8400,4100,36100,0
532300,2100,300,100,0,0,0,0,0,1100,0,0,0,100,300,0,12400,4800,0,700,6400,400,10600,0
532400,10700,5000,1200,300,0,0,100,100,10100,500,200,100,100,400,0,28600,19100,0,7000,31800,2900,26500,0
533000,4000,5500,1600,100,0,0,400,0,900,0,0,0,500,100,0,3900,6200,0,0,200,0,0,0
540000,789700,1363600,1517800,930300,334800,9800,649600,14800,349000,214000,80400,17400,7800,29600,35600,426300,1747900,5800,73600,77200,129900,71700,0
541000,789700,1363600,1517800,930300,334800,9800,649600,14800,349000,214000,80400,17400,7800,29600,35600,426300,1747900,5800,73600,77200,129900,71700,0
541100,25300,27200,15700,400,300,1400,629400,1900,2300,700,0,1400,200,3500,100,4400,405600,0,0,1000,0,200,0
541200,67600,472600,29100,400,100,400,1100,300,10100,7100,1800,2000,4200,3300,700,17700,352200,200,1500,2400,2500,8600,0
541300,124100,83900,75400,705100,74600,0,1400,800,24800,2400,300,1700,100,8900,0,19000,152100,900,50100,21500,52200,11600,0
541330,89500,63300,66000,485200,28500,0,1000,700,9900,1100,0,1500,0,1600,0,12400,94400,100,32700,16700,28300,7400,0
541380,12500,8100,5100,36300,40500,0,100,0,2000,1100,300,100,0,400,0,4200,20300,300,3100,3500,22700,3400,0
541400,9000,7000,4200,6600,100,0,0,100,64300,0,0,0,0,400,0,10000,22700,0,1200,1800,9000,3100,0
541500,218900,195400,1125700,57700,2000,400,4900,2600,36000,3000,100,2400,300,1400,100,124400,190000,0,700,17000,4400,3400,0
541600,170400,404000,140200,51200,66900,3700,5800,3600,33500,23000,1700,4500,1900,4200,1300,94000,289000,2400,9500,15900,15200,30500,0
541700,90100,66800,85200,103700,176600,3100,3700,4800,9300,19900,4800,3100,700,3200,1400,10400,66600,1200,2300,8600,14100,2400,0
541710,84300,60800,79600,103200,153200,1500,3600,2900,7300,19400,4700,3000,700,3000,1300,9600,55500,1200,2300,8400,14000,2400,0
541720,5700,6000,5600,500,23400,1600,100,2000,2000,500,100,100,100,200,100,900,11100,0,0,200,0,0,0
541800,55400,51900,22100,200,300,100,600,0,114800,0,0,0,100,800,300,121000,88700,0,3500,4300,17500,8100,0
541900,28900,54900,20100,5000,14000,800,2700,700,53900,158100,71700,2400,200,3900,31700,25300,181100,1200,4700,4700,14900,3800,0
541920,1900,600,400,0,0,0,0,0,30100,0,0,0,0,100,200,6100,10700,0,100,200,4100,400,0
541940,3800,1400,300,0,0,0,0,0,0,156300,71200,0,0,2800,31000,200,90800,0,0,700,0,0,0
550000,437400,499400,251600,62900,17000,19500,25400,6000,37600,34500,6600,9600,12100,10600,10200,102900,573700,400,9300,40600,23300,49900,0
551000,437400,499400,251600,62900,17000,19500,25400,6000,37600,34500,6600,9600,12100,10600,10200,102900,573700,400,9300,40600,23300,49900,0
560000,272200,362900,215800,76600,29800,18500,26700,77200,48800,148400,98500,791500,91100,1883400,92400,510100,1881800,14100,226900,237400,818900,1095400,0
561000,252200,354600,214200,69100,25600,18500,26600,77200,48500,146100,98500,790900,91100,1879700,92300,500100,1834700,13900,147600,215900,804800,911600,0
561100,65099,78700,33000,3200,400,800,2900,300,4100,14300,4100,1200,500,3700,0,19500,234500,100,500,6700,2100,10700,0
561200,4900,3800,1300,1500,200,2400,100,700,200,2300,200,31800,5900,37500,400,1100,15300,0,3500,15200,3700,7100,0
561300,59900,176700,130900,53400,22200,12800,14500,74900,26000,120400,80900,21700,77100,86400,74100,109500,682800,9300,114400,70600,748600,799600,0
561320,33100,105600,107900,46700,20500,8300,10400,69000,21300,93200,65300,17100,49700,67000,46600,73100,536300,8100,85400,54000,685800,711900,0
561400,31800,39200,30000,1100,0,0,8300,0,5600,6000,13200,1300,100,1300,0,197500,553100,0,0,3600,6900,10100,0
561420,10900,20400,18500,700,0,0,200,0,700,1700,0,300,0,400,100,153100,320100,0,0,1000,200,1400,0
561500,14800,13100,8800,0,0,0,200,200,3000,0,0,100,1100,900,9000,87200,73400,0,0,1000,100,3400,0
561510,7100,4400,3900,0,0,0,100,0,300,0,0,0,0,100,0,57700,16300,0,0,100,0,200,0
561600,15900,11000,4100,1500,100,0,100,0,300,600,0,703900,0,0,2300,22300,66300,0,1400,63300,800,4300,0
561610,8900,4000,1100,0,100,0,100,0,100,600,0,697800,0,0,2300,4700,29500,0,0,1600,100,3700,0
561620,7000,3100,3000,1500,0,0,100,0,200,0,0,6100,0,200,0,17600,36800,0,1400,61800,800,600,0
561700,44000,9800,700,3900,400,0,0,0,100,200,0,100,600,1747300,0,37500,112000,4200,20200,43300,14600,30600,0
561710,5300,700,100,0,0,0,0,0,0,0,0,0,0,77800,0,8200,20300,0,1300,400,0,100,0
561730,18000,4700,300,3200,300,0,0,0,100,100,0,0,200,628900,0,16700,47100,4200,10200,9600,100,13100,0
561900,15800,22200,5500,1100,200,0,500,300,9200,2200,0,30300,2200,1900,3600,25500,97200,200,7500,9900,28100,45800,0
562000,20000,8300,1600,7500,4200,0,100,0,300,2200,0,600,0,3700,0,10000,47100,0,79300,21500,14200,183800,0
562100,6200,1700,200,300,100,0,0,0,0,100,0,100,0,600,0,4300,20300,0,4100,10800,3000,117900,0
562200,5700,3000,1000,3600,2300,0,100,0,100,1500,0,300,0,600,0,2200,10600,0,11400,7100,8300,37600,0
562900,8100,3600,300,3700,1800,0,0,0,100,600,0,300,0,2600,0,3500,16100,0,63900,3600,2800,28300,0
610000,704800,349100,255400,28100,219600,338400,6300,8033800,291500,303200,46200,169600,432500,512500,226700,47200,1427200,4400,45900,169600,19400,260000,0
611000,704800,349100,255400,28100,219600,338400,6300,8033800,291500,303200,46200,169600,432500,512500,226700,47200,1427200,4400,45900,169600,19400,260000,0
611100,322600,61200,68400,700,44700,196900,900,5603700,89800,151500,17800,93500,378900,357800,147100,5800,540600,100,14900,84900,4600,229900,0
611102,2900,900,500,0,600,2900,0,48600,800,1400,700,800,2200,4100,2800,0,4900,0,200,600,300,600,0
611103,254200,43200,57800,600,39900,165200,700,4897000,68500,135400,15100,85500,358200,325800,112400,4700,455000,0,14100,72000,3900,220300,0
611105,65500,17000,10100,0,4100,28800,0,658100,20500,14600,2000,7200,18500,27900,31900,1100,80700,100,600,12300,300,8900,0
6112-3,324800,240400,169400,26300,170900,122100,5100,2052400,133800,145500,27400,67300,49600,147800,53800,23900,772200,2800,29800,78100,13300,21600,0
611200,42700,29700,19700,300,1800,25500,200,464300,13100,2400,300,13500,3800,21500,6000,6200,128300,200,2300,10600,1100,2600,0
611202,15700,8200,5500,100,300,6500,0,146800,2800,600,100,4100,1100,6800,1300,1400,40500,100,600,3900,300,1600,0
611203,21100,17500,13000,200,1500,15700,200,282400,9400,1700,200,9100,2500,14000,4200,3200,74200,100,1700,6200,700,1000,0
611205,6000,3900,1200,0,0,3300,0,35100,900,100,0,300,200,700,600,1600,13700,0,0,500,0,0,0
611300,282100,210800,149700,26100,169100,96600,4900,1588100,120700,143100,27100,53800,45800,126300,47800,17700,643900,2600,27500,67500,12300,19000,0
611302,119000,118000,83200,19800,108700,46700,2200,844100,50200,82300,14400,25500,23900,70000,26800,6600,344800,2000,17800,42000,7900,12600,0
611303,3700,1800,2100,0,3900,800,0,24500,900,8700,0,800,500,1400,300,300,11000,0,200,500,200,100,0
611305,159300,90900,64400,6200,56400,49100,2700,719500,69600,52200,10900,27600,21500,54800,20800,10900,288100,500,9500,25000,4200,6300,0
6114-7,57400,47600,17600,1100,4000,19400,300,377700,67900,6200,1000,8800,3900,6900,25800,17500,114400,1500,1200,6700,1500,8500,0
611400,8600,14700,5100,500,100,1200,100,17900,2500,500,100,0,200,600,300,5600,15200,0,0,300,100,100,0
611402,200,300,0,0,0,0,0,0,0,0,0,0,0,100,0,0,400,0,0,0,0,0,0
611403,200,200,100,0,0,100,0,900,0,0,0,0,0,0,0,0,300,0,0,0,0,0,0
611405,8200,14200,4900,500,100,1100,100,16300,2200,500,100,0,200,500,300,5600,14500,0,0,300,100,100,0
611500,11700,7600,1700,400,100,3500,0,68400,1000,500,200,900,1200,2300,2000,3100,23400,0,900,3700,900,6000,0
611502,1000,400,200,0,0,300,0,9500,100,0,0,300,100,400,100,100,1700,0,0,400,0,200,0
611503,700,300,200,0,0,300,0,6100,0,0,0,0,100,500,100,0,1300,0,0,200,0,200,0
611505,10100,6900,1300,400,100,2900,0,52700,900,400,200,600,1000,1400,1900,2900,20500,0,900,3000,900,5500,0
611600,20400,10400,2300,0,200,3600,0,228200,60800,1600,300,2000,2000,2700,21100,5000,48600,1200,100,2100,200,1500,0
611602,200,100,0,0,0,0,0,1600,0,0,0,0,0,0,0,0,200,0,0,0,0,0,0
611603,400,300,0,0,0,200,0,3400,1000,100,0,0,0,300,1400,0,700,0,0,300,0,0,0
611605,19800,10000,2300,0,200,3400,0,223200,59800,1500,200,1900,2000,2400,19700,5000,47700,1200,100,1800,200,1200,0
611700,16700,14900,8400,100,3600,11100,100,63300,3600,3700,500,5300,600,1200,2400,3800,27100,200,200,600,300,900,0
611703,1800,700,800,0,1200,1500,0,13700,300,2700,300,100,200,200,100,0,2300,0,200,100,0,200,0
611705,14800,14200,7600,100,2400,9600,100,49300,3300,1000,200,5200,400,1000,2300,3800,24900,200,0,500,200,800,0
620000,688600,338600,131100,5900,106600,1107200,5700,547600,35700,6632000,3708800,75900,543300,441900,2379400,81400,2848800,1300,18700,147300,89700,148800,0
621000,202400,98800,38200,1300,46700,255000,800,8000,8400,2648400,1610800,3300,6500,35000,347000,33400,1670300,100,400,19000,16300,31600,0
621100,66800,37700,16600,500,11700,26800,400,1100,3100,1083300,438000,1300,1600,14400,8200,4100,801800,0,100,5200,3200,1800,0
621200,5500,3500,600,0,0,200,0,0,600,315600,308200,0,0,4700,0,900,278800,0,0,800,6200,100,0
621300,19500,7800,1400,0,18000,41400,0,3300,600,311500,193100,100,800,3700,9900,5800,234800,100,0,900,4700,1100,0
621310,700,700,100,0,0,100,0,0,0,33700,37100,0,0,600,300,200,58900,0,0,0,0,100,0
621320,1200,500,100,0,0,0,0,0,0,66900,13900,0,0,600,0,1500,43900,0,0,100,4000,0,0
621330,3000,1000,200,0,16700,32900,0,500,0,5300,1900,0,100,300,800,100,19500,0,0,100,0,100,0
621340,11700,4100,400,0,1000,6600,0,2700,400,163900,99500,100,600,1500,5300,1000,68600,100,0,500,200,600,0
621390,3000,1500,600,0,200,1800,0,100,100,41800,40700,0,100,700,3500,3100,43900,0,0,200,500,300,0
621400,46600,19400,7700,400,9400,147600,200,2700,1600,343500,91400,1200,2000,7900,10900,2300,151300,0,100,5500,1100,3500,0
621420,14200,4900,1900,0,5200,118100,100,900,300,25600,5000,500,1000,2400,7100,300,34500,0,0,1200,100,1900,0
621500,11900,6800,5800,300,6200,300,100,100,300,106800,47500,100,0,600,0,6800,66200,0,0,800,300,1800,0
621600,38400,15100,3100,0,500,34900,0,300,1300,329000,504700,300,2000,3400,315900,9800,96800,0,0,2100,300,4000,0
621900,13700,8500,3100,100,900,3900,100,600,800,158600,27900,300,0,400,2000,3600,40600,0,0,3700,500,19300,0
621910,4600,2000,300,0,0,0,0,200,100,123100,0,300,0,100,0,400,17700,0,0,2900,0,17200,0
621990,9200,6500,2800,100,900,3900,100,400,700,35500,27600,0,0,300,2000,3200,22900,0,0,800,500,2000,0
622000,214800,129699,79900,4400,46700,162400,1900,23200,13700,3328400,756100,50400,141700,193000,28900,12800,760800,100,13800,56900,18000,15400,0
622100,194400,115400,74300,4200,35000,111500,1600,20200,12200,3071500,664500,42800,125800,176100,22600,11800,705300,100,12400,50400,16200,13100,0
622102,7700,8100,5500,300,3200,3700,100,3800,600,112400,24700,900,3300,5500,400,400,29000,0,600,1900,400,400,0
622103,24500,12900,9600,300,4000,14800,300,500,1500,350400,83300,4900,16700,23100,3700,1200,92300,0,2000,7100,2300,1700,0
622105,162200,94500,59200,3700,27800,93000,1200,15900,10100,2608800,556600,37100,105900,147500,18400,10200,583900,100,9800,41500,13400,11000,0
622200,9500,5900,1400,0,4700,42200,100,2100,500,101600,43200,6100,8300,8300,4300,300,23000,0,1000,3700,900,1500,0
622202,3500,2900,400,0,2600,13600,100,900,100,43600,23800,4800,4500,4200,2100,0,8600,0,900,2100,900,500,0
622203,100,0,0,0,100,500,0,0,0,1300,600,0,100,100,0,0,300,0,0,0,0,0,0
622205,5900,3000,900,0,1900,28100,0,1200,400,56700,18900,1200,3700,4000,2100,300,14100,0,100,1600,100,1000,0
622300,10900,8400,4100,200,7000,8700,100,1000,1100,155300,48400,1500,7600,8600,2100,600,32500,0,500,2700,900,800,0
622302,900,2200,1600,100,1700,2500,0,400,200,13200,2600,300,1000,1000,100,0,5100,0,200,600,200,100,0
622303,0,0,0,0,0,0,0,0,0,600,200,0,0,0,0,0,100,0,0,0,0,0,0
622305,10000,6200,2500,100,5400,6200,100,600,900,141500,45700,1200,6500,7500,2000,500,27400,0,300,2100,700,700,0
623000,100900,35100,2800,0,3100,188400,100,11600,2600,582400,1059300,12500,330800,157900,557100,6900,160800,100,1100,52500,30100,17500,0
623100,41700,15200,900,0,100,26000,0,300,900,444000,663800,2500,160500,91100,69800,1700,73900,0,300,23600,23000,4600,0
623200,22300,8100,900,0,2200,112900,0,6500,500,38500,109900,2200,9300,8400,252100,600,28500,100,100,6000,1200,3400,0
623210,10500,4300,300,0,600,35700,0,3300,200,16900,88000,300,3300,4200,209300,200,11900,0,100,2900,1100,1600,0
623220,11800,3800,600,0,1600,77200,0,3100,300,21700,21900,1900,6000,4200,42800,400,16600,0,0,3100,100,1800,0
623300,28300,8400,500,0,0,8500,0,100,700,93500,264600,5600,156800,56000,181600,4400,47500,0,700,20400,5600,8700,0
623900,8700,3500,500,0,800,41000,0,4700,400,6300,21000,2200,4200,2500,53500,200,10800,0,0,2500,200,900,0
624000,170400,75000,10200,200,10100,501400,2900,504800,11000,72900,282600,9700,64400,56000,1446300,28300,256899,1000,3400,18900,25400,84200,0
624100,88700,42300,6200,0,8900,355900,2300,65600,7100,61300,273000,4000,25500,18200,1044500,7000,165600,500,1200,9500,2800,39300,0
624120,38400,17200,1900,0,3400,107400,600,18000,2400,44600,261100,700,19700,11900,971500,3500,83400,300,200,5300,2400,30700,0
6242-3,34500,28200,3300,200,800,126200,600,12900,3200,8300,8500,4000,13400,29700,79000,21200,56800,500,2100,7400,22600,37100,0
624200,17800,11800,1200,0,300,48200,500,2500,2200,2200,1500,2900,8400,3400,14700,4900,24300,100,1600,4000,200,9600,0
624300,16600,16400,2200,0,400,77900,0,10500,1000,6100,7000,1100,5000,26300,64400,16200,32500,400,500,3500,22400,27500,0
624400,47200,4600,700,0,400,19300,0,426200,700,3300,1100,1700,25500,8100,322700,100,34500,0,0,2000,0,7900,0
710000,88400,66800,8100,1700,2100,1500,600,46900,196800,7800,4600,106700,324700,191100,657900,177500,201800,2500,9300,77500,6600,53200,0
711000,24700,36400,3600,1000,100,100,400,8600,119400,2000,0,21100,26400,15800,71100,28400,50900,500,4700,11600,2000,26800,0
711100,6100,6400,600,0,0,0,0,6100,51300,0,0,1200,8900,1600,10800,5800,10200,0,2600,1300,300,5300,0
711110,3300,3100,300,0,0,0,0,2400,21400,0,0,900,8400,1300,7000,4300,5000,0,2200,900,300,3000,0
711200,7000,4400,1000,700,0,0,100,200,20600,1500,0,9400,8600,6100,34200,13200,12400,500,600,6700,700,4100,0
7113-4,9100,23000,1500,0,0,0,300,1500,16300,400,0,10500,8600,7800,25500,8200,20600,0,1200,2600,100,15000,0
711300,7300,11100,1200,0,0,0,100,1500,15000,400,0,10500,8500,7600,25400,7300,11200,0,1200,2600,100,14900,0
711400,1800,11900,300,0,0,0,200,0,1300,0,0,0,0,200,100,900,9400,0,0,0,0,0,0
711500,2500,2600,500,100,0,0,0,800,31200,0,0,0,300,300,600,1300,7800,0,300,1000,900,2500,0
712000,12200,9600,1800,0,1700,100,100,23500,8500,500,200,8300,7200,9200,32200,15000,20900,700,800,5200,400,1400,0
713000,51600,20900,2600,100,300,1300,100,14900,69000,5400,4400,77200,291100,166100,554500,134100,130000,1300,3800,60700,4200,25000,0
713100,4500,4600,900,0,0,0,0,300,7300,1200,100,14100,37000,14400,64000,25700,13200,0,2300,7100,200,5400,0
713200,3800,2300,700,0,0,0,0,0,700,200,100,9600,26300,7000,43700,15300,10400,0,100,5000,500,2300,0
713900,43200,14000,1100,100,100,1300,0,14600,61000,3900,4200,53500,227700,144800,446900,93200,106400,1200,1400,48700,1900,17400,0
713940,16200,5000,400,0,0,1100,0,11000,32500,3400,3700,36600,30500,31800,307300,33800,68000,0,100,10200,300,1500,0
720000,335400,49900,3500,600,100,200,100,1500,18000,5000,9400,77500,10759100,610100,148800,424900,457800,1400,4200,115400,97600,265000,0
721000,84800,28300,2600,600,100,200,100,1200,7000,600,9200,42200,485300,558200,141500,53200,363100,1000,4000,100000,40300,23200,0
721100,79400,26900,2400,600,0,0,100,400,6800,400,9200,40400,475700,543100,129800,49300,347900,200,4000,89500,40100,22700,0
721120,7300,3500,1100,200,0,0,0,0,3000,100,900,14200,77200,39300,66000,11100,25500,0,1700,8100,3000,6000,0
721200,4800,1300,100,0,0,100,0,700,300,200,0,1700,5300,12000,10000,3900,14100,900,0,9900,100,400,0
721300,600,100,0,0,0,0,0,0,0,0,0,200,4300,3100,1800,0,1100,0,0,600,100,100,0
722000,250600,21600,0,0,0,0,0,0,11000,4500,200,35200,10273800,51800,7200,371700,94800,300,200,15400,57300,241800,0
722300,19800,5200,200,0,0,0,0,0,300,4400,200,1500,541700,8200,600,33800,25800,0,100,2000,5100,17000,0
722400,9200,900,0,0,0,0,0,0,6200,0,0,21900,324300,5100,1100,4100,6500,0,0,800,400,200,0
722500,221600,15500,0,0,0,0,0,0,4500,100,0,11900,9407800,38500,5500,333800,62400,300,0,12600,51800,224600,0
722511,120200,8600,0,0,0,0,0,0,1600,0,0,11300,5007700,24600,1500,88900,38400,0,0,6100,15900,46000,0
810000,293500,316400,53500,9100,13800,496800,9200,271700,237800,24400,66500,53100,137400,544900,1285000,219500,934900,2400,12900,723000,287100,416600,0
811000,44500,24600,7400,6900,100,0,0,200,600,300,200,200,200,8100,0,68100,154700,0,9600,622000,100900,240600,0
811100,28100,17700,400,100,0,0,0,0,300,0,0,100,100,5500,0,46700,98900,0,1300,445500,42600,225800,0
811110,12200,3400,200,100,0,0,0,0,0,0,0,0,0,2800,0,25500,52100,0,100,276500,5500,20900,0
811120,10300,13700,100,0,0,0,0,0,100,0,0,0,0,1800,0,8500,36900,0,1200,143000,35200,20000,0
811190,5700,600,0,0,0,0,0,0,0,0,0,0,100,900,0,12800,9900,0,0,26000,1900,184900,0
811200,5400,2400,6000,2700,100,0,0,0,100,100,200,100,0,300,0,5800,17600,0,500,52800,3800,2800,0
811300,9000,4000,1000,4000,0,0,0,100,100,300,0,0,0,1500,0,11100,26300,0,6600,94800,31400,9400,0
811400,1900,400,100,100,0,0,0,0,100,0,0,0,0,800,0,4500,12000,0,1200,29000,23100,2600,0
812000,34200,13700,2100,200,100,1700,200,1000,4700,4000,50200,3100,3900,35200,680900,111800,153300,100,200,13100,182100,149500,0
812100,7800,1100,200,0,0,1100,0,800,1200,3100,48800,0,800,5300,500900,36000,80500,0,0,500,400,100,0
812200,11100,600,100,0,0,300,0,0,300,0,0,100,0,19000,65900,5500,26200,0,200,2000,100,5000,0
812300,6900,700,100,100,0,0,0,0,0,0,0,0,500,6200,100,52300,15800,0,0,7200,175800,34300,0
812900,8400,11400,1700,100,0,300,100,300,3200,900,1400,2900,2600,4600,114000,18000,30800,100,0,3400,5800,110200,0
813000,210500,277700,43300,1100,13600,494200,9000,270500,232500,17000,13500,49800,127500,187500,228800,39200,624200,2200,2300,87900,3500,14100,0
8132-3,59000,79100,10300,500,10500,54400,3400,15500,25900,5500,4500,2400,2500,3700,27200,6200,79500,1000,800,2900,300,4400,0
813200,31200,50800,6000,100,2100,17400,800,6000,12800,1600,100,200,1000,1100,4700,3200,40200,100,100,900,100,1600,0
813300,27800,28400,4300,400,8500,37000,2600,9500,13100,4000,4300,2300,1500,2600,22500,3000,39300,1000,700,2000,200,2800,0
8134-9,84400,147200,15800,500,2900,14500,4700,29900,48800,2100,600,36900,85900,37400,122900,20000,173200,1100,1000,28800,1400,5300,0
813400,18800,14500,1900,0,300,11800,200,26000,14800,500,200,22000,81300,17000,113900,7200,51500,100,100,4900,400,1700,0
813900,65500,132700,13900,500,2600,2700,4600,3900,34100,1700,0,14800,4700,20400,9000,12800,121700,1000,900,23800,900,3500,0
813930,7600,73000,1000,0,200,200,800,200,2600,100,0,300,0,800,100,600,25700,0,0,300,0,200,0
814000,4300,300,600,900,0,900,0,0,100,3100,2600,0,5700,314100,375200,300,2700,0,700,0,600,12400,0
900000,622900,1089300,271800,310500,319100,498500,278300,217300,69500,477200,132200,2009300,125500,262400,324900,78700,2247300,25300,456400,445900,178600,422100,0
910000,203900,557000,104800,140200,151000,23100,77700,32800,21700,229100,34600,155900,13700,31900,4400,8800,764300,6900,33100,103400,29200,67500,0
999100,187200,548800,102800,134300,150900,23100,77400,32600,21500,228600,34600,154500,13700,16000,4400,7900,234900,6900,33000,87800,29100,55900,0
999200,125500,278900,81700,82400,82700,231700,95800,36600,12900,92500,54100,412400,17100,24600,43700,16700,426800,12400,81500,53200,11700,35500,0
999300,293500,253500,85300,87900,85400,243700,104900,147900,34900,155600,43500,1441000,94700,205900,276800,53200,1056200,6000,341800,289300,137700,319100,0
TE1000,9533100,8066800,4419000,2601000,1299500,2570700,1283300,9426500,2772900,8751500,4315600,3505600,13206100,5654100,6419700,15747800,23081200,1060100,6812500,5905400,9356900,10274200,0
TE1100,1890100,442600,116200,69300,64000,66900,185100,176900,697900,233100,120700,19100,61800,702100,1037800,1231300,228000,42300,1193400,309400,239000,456400,0
TE1200,7643100,7624200,4302900,2531800,1235500,2503700,1098200,9249700,2075000,8518400,4194900,3486500,13144300,4952000,5381900,14516500,22853200,1017800,5619100,5596000,9117900,9817800,0
