ZCTA_ID,11-1000,11-2000,11-3000,11-9000,13-1000,13-2000,15-1200,15-2000,17-1000,17-2000,17-3000,19-1000,19-2000,19-3000,19-4000,19-5000,21-1000,21-2000,23-1000,23-2000,25-1000,25-2000,25-3000,25-4000,25-9000,27-1000,27-2000,27-3000,27-4000,29-1000,29-2000,29-9000,31-1100,31-2000,31-9000,33-1000,33-2000,33-3000,33-9000,35-1000,35-2000,35-3000,35-9000,37-1000,37-2000,37-3000,39-1000,39-2000,39-3000,39-4000,39-5000,39-6000,39-7000,39-9000,41-1000,41-2000,41-3000,41-4000,41-9000,43-1000,43-2000,43-3000,43-4000,43-5000,43-6000,43-9000,45-1000,45-2000,45-3000,45-4000,47-1000,47-2000,47-3000,47-4000,47-5000,49-1000,49-2000,49-3000,49-9000,51-1000,51-2000,51-3000,51-4000,51-5100,51-6000,51-7000,51-8000,51-9000,53-1000,53-2000,53-3000,53-4000,53-5000,53-6000,53-7000,55-1000,55-2000,55-3000
485003,31,8,23,30,58,43,0,2,1,22,9,5,3,7,5,0,13,0,9,5,19,39,11,3,14,4,4,9,1,24,11,1,0,1,5,0,0,2,7,1,5,9,3,1,5,3,2,0,6,0,0,0,0,8,7,30,30,9,9,9,1,18,34,29,26,27,0,0,0,0,1,5,0,2,0,2,4,3,10,3,9,2,6,0,7,5,2,10,1,4,12,0,0,3,15,0,0,0
485004,25,6,19,21,46,36,0,1,1,21,8,4,3,3,4,0,11,0,7,4,13,28,8,1,10,4,3,7,1,11,7,2,0,0,3,1,1,2,6,2,7,11,3,1,9,2,2,1,6,0,0,1,1,8,8,40,27,8,9,8,1,17,29,19,30,31,0,0,0,0,1,4,0,1,0,1,1,3,8,2,4,2,3,0,2,3,1,6,1,2,9,0,0,1,10,0,0,0
485006,42,9,32,49,70,58,0,2,1,28,12,7,6,9,9,0,16,0,8,5,33,68,19,4,25,6,8,12,5,45,26,4,0,1,11,1,1,4,14,4,17,30,10,2,26,9,6,1,20,0,0,2,0,32,16,89,35,16,13,22,2,41,78,72,50,58,0,1,0,0,2,12,0,2,0,3,3,7,23,7,19,5,13,0,16,12,2,23,3,4,28,0,0,9,34,0,0,0
485007,26,6,21,25,46,42,0,1,1,28,11,7,7,8,8,0,7,0,6,4,15,31,9,2,11,5,5,14,3,22,12,2,0,1,4,0,0,1,6,1,5,10,3,1,11,5,2,1,4,0,0,3,1,10,6,33,20,6,7,11,1,21,45,33,33,35,0,1,0,0,1,10,0,2,0,2,1,3,14,6,15,8,11,0,15,8,1,20,3,4,24,0,0,8,24,0,0,0
485008,107,26,84,93,195,174,0,7,3,85,34,14,12,16,16,0,29,1,19,13,53,108,31,7,38,22,9,33,15,117,64,13,0,2,23,2,0,2,36,12,49,84,30,6,78,19,20,3,60,0,2,12,2,73,36,197,115,31,37,72,6,131,243,266,142,170,0,3,0,0,3,24,1,5,0,9,10,25,58,12,42,14,31,0,18,3,5,49,9,38,77,0,0,14,75,0,0,0
485009,24,5,17,17,38,35,0,3,1,11,5,3,3,5,4,0,10,0,4,2,24,49,14,2,17,5,3,7,3,35,21,5,0,1,7,1,1,3,11,5,19,28,8,4,52,14,4,2,12,0,2,2,1,21,15,85,32,11,14,31,2,52,101,129,67,80,0,5,0,1,4,35,1,4,0,7,6,13,61,25,62,50,49,0,35,42,5,104,10,4,93,0,0,13,121,0,0,0
485012,37,9,32,39,76,67,0,1,1,26,10,7,5,8,7,0,9,0,12,8,27,54,15,3,19,5,4,11,5,30,15,5,0,1,5,1,0,2,10,1,4,6,1,0,7,2,1,1,2,0,1,0,1,7,8,39,37,9,11,12,1,24,45,27,37,37,0,0,0,0,1,4,0,1,0,1,3,2,8,1,3,3,1,0,1,1,1,5,1,1,7,0,0,1,8,0,0,0
485013,77,18,63,84,152,123,0,3,3,72,28,18,15,20,19,0,31,1,23,14,61,123,35,7,43,12,8,28,6,69,34,6,0,2,14,2,2,7,16,3,12,18,5,2,21,7,3,1,10,0,0,1,1,22,20,107,61,15,15,34,3,60,132,97,94,103,0,1,0,0,2,12,0,5,0,4,5,9,22,4,13,5,9,0,2,2,4,17,3,5,28,0,0,2,26,0,0,0
485014,95,25,75,93,169,153,0,3,3,55,23,15,14,17,17,0,35,1,18,12,59,120,33,7,42,12,7,21,11,78,37,3,0,2,14,1,1,5,20,4,16,23,7,2,31,8,5,0,15,0,2,2,0,29,27,151,83,29,27,41,4,79,151,122,106,113,0,1,0,0,1,8,0,3,0,3,3,7,24,5,16,6,14,0,6,2,3,20,3,7,29,0,0,5,34,0,0,0
485015,66,16,55,76,127,109,0,4,2,42,17,11,10,14,13,0,22,0,14,9,51,103,29,4,36,7,6,13,5,71,40,12,0,2,14,1,0,2,18,6,22,38,12,4,45,15,8,1,23,0,0,3,0,41,21,125,62,17,24,53,5,95,182,169,132,146,0,2,0,0,3,26,1,5,0,6,5,13,45,11,33,12,24,0,17,12,6,49,6,6,64,0,0,9,58,0,0,0
485016,124,32,108,143,237,237,0,5,4,93,37,20,18,20,23,0,44,1,32,20,69,140,39,8,50,21,12,29,11,88,47,6,0,2,16,3,2,9,30,7,27,42,14,3,38,9,9,1,30,0,0,3,1,38,33,171,116,39,34,53,4,98,189,174,124,133,0,1,0,0,2,13,0,4,0,5,6,13,33,8,22,6,17,0,10,9,5,28,4,13,39,0,0,6,38,0,0,0
485017,27,6,22,23,48,50,0,2,1,14,5,3,3,5,3,0,9,0,4,3,24,48,13,2,17,5,2,7,3,48,26,11,0,1,8,2,1,3,20,5,21,34,11,4,54,15,7,1,21,0,2,5,0,34,17,100,39,11,15,35,3,59,107,142,69,80,0,3,0,0,4,35,1,3,0,6,6,15,50,13,42,18,31,0,23,15,4,57,8,2,88,0,0,10,84,0,0,0
485018,127,36,106,126,242,217,0,5,4,113,45,16,17,18,20,0,31,1,41,25,60,123,35,7,44,19,8,31,8,73,38,4,0,2,14,3,2,10,23,4,17,30,9,2,28,8,6,1,22,0,0,1,1,35,33,141,144,43,35,41,4,73,145,134,98,109,0,1,0,0,2,10,0,4,0,4,7,10,27,5,15,5,11,0,3,0,5,16,3,8,27,0,0,3,29,0,0,0
485019,24,5,16,23,37,34,0,2,1,11,5,4,3,5,4,0,10,0,5,3,22,44,12,2,15,3,2,4,1,43,21,7,0,1,7,1,1,3,5,3,14,24,6,3,39,10,4,1,12,0,0,1,0,21,13,73,24,10,13,28,2,45,85,112,59,68,0,2,0,0,3,23,1,3,0,5,5,11,37,11,40,16,31,0,12,10,3,44,6,3,53,0,0,5,58,0,0,0
485020,99,24,86,110,195,183,0,3,3,73,30,16,14,18,18,0,32,1,29,18,60,122,35,6,43,13,8,23,9,80,39,6,0,2,13,2,2,8,29,5,22,35,11,3,39,8,7,1,24,0,0,4,0,35,22,123,71,21,22,50,4,87,167,172,123,130,0,1,0,0,2,14,0,5,0,4,5,9,30,4,13,6,11,0,4,1,5,13,3,6,34,0,0,3,25,0,0,0
485021,81,21,66,88,159,131,0,4,4,69,29,15,14,19,18,0,26,0,24,15,63,129,35,5,45,15,9,25,12,75,44,22,0,2,14,2,2,8,19,5,23,40,10,3,42,12,6,1,18,0,1,8,0,40,25,137,75,29,25,51,4,88,169,194,117,130,0,2,0,0,3,22,1,5,0,5,4,13,35,7,21,9,16,0,9,3,4,29,4,8,51,0,0,5,47,0,0,0
485022,184,46,149,179,326,323,0,8,5,135,51,18,18,18,22,0,54,2,33,22,116,234,64,11,81,21,12,47,17,129,67,22,0,3,23,4,3,14,34,9,37,64,16,3,41,11,7,1,25,0,2,3,0,57,49,272,135,48,44,87,7,142,270,365,175,197,0,2,0,0,4,24,1,6,0,7,7,22,38,8,29,6,26,0,4,1,6,29,4,11,43,0,1,4,43,0,0,0
485023,97,23,78,104,166,170,0,5,3,70,27,10,10,12,13,0,25,1,16,11,54,108,30,7,38,11,8,26,9,68,36,10,0,1,10,2,1,6,21,5,20,40,9,3,34,10,5,1,18,0,2,4,0,36,32,179,104,26,34,57,4,91,168,233,113,128,0,2,0,0,2,16,0,5,0,5,4,17,32,8,28,7,25,0,6,2,4,33,5,5,42,0,0,3,46,0,0,0
485024,133,31,98,123,216,214,0,6,2,74,29,11,10,14,13,0,38,1,21,14,71,142,39,7,49,16,8,39,11,82,39,12,0,2,15,4,3,14,27,5,20,32,9,2,27,6,5,0,16,0,0,3,0,25,29,151,90,30,27,49,4,86,151,187,101,112,0,1,0,0,2,15,0,4,0,4,3,9,23,5,19,3,12,0,1,3,4,16,2,2,22,0,0,2,19,0,0,0
485027,117,30,102,98,205,246,0,10,3,108,40,11,11,13,14,0,29,1,17,13,69,139,39,7,48,19,8,37,12,99,51,9,0,2,16,4,3,14,32,7,28,54,13,4,47,15,6,1,19,0,2,4,0,50,40,216,138,30,40,84,6,151,257,318,170,197,0,2,0,0,3,24,1,7,0,8,8,19,48,11,43,7,36,0,8,3,9,39,7,7,60,0,1,5,63,0,0,0
485028,88,21,68,96,156,137,0,4,3,83,31,14,13,16,16,0,22,1,20,13,47,96,27,4,34,12,4,28,6,45,23,6,0,1,9,3,3,11,16,3,12,19,4,1,15,4,3,0,11,0,0,2,0,23,15,68,59,20,15,27,2,45,83,114,61,63,0,1,0,0,1,5,0,3,0,3,2,9,14,2,6,2,5,0,1,0,3,7,2,5,14,0,0,2,15,0,0,0
485029,94,24,75,85,167,165,0,7,2,57,23,10,10,11,12,0,25,0,16,11,77,157,42,6,54,12,9,22,10,106,53,14,0,2,16,3,2,10,24,9,37,62,15,5,63,20,7,2,22,0,2,10,1,54,42,224,130,30,53,74,5,126,239,295,153,180,0,4,0,0,5,34,1,9,0,10,8,24,62,15,50,11,41,0,12,5,9,60,9,9,94,1,1,5,85,0,0,0
485031,18,4,14,13,29,29,0,1,0,11,4,3,2,4,3,0,6,0,2,2,14,29,8,1,10,1,2,4,1,43,24,6,0,1,7,1,0,1,11,4,15,22,7,3,40,15,3,0,9,0,0,2,0,18,14,89,18,5,10,37,2,52,104,170,66,77,0,3,0,0,3,28,1,3,0,6,5,14,50,18,57,30,50,0,26,20,3,72,9,3,70,0,0,9,100,0,0,0
485032,226,56,169,222,384,361,0,11,6,157,63,24,23,26,30,0,53,1,36,25,130,262,73,12,91,33,21,64,25,153,79,28,0,3,25,6,4,16,45,14,57,100,29,6,76,18,15,1,49,0,2,9,1,77,70,407,173,60,51,123,9,192,366,540,237,266,0,2,0,0,4,29,1,10,0,10,10,29,63,11,39,11,34,0,6,2,9,42,7,13,62,1,1,7,65,0,0,0
485033,37,9,27,29,54,57,0,2,1,26,11,7,6,7,8,0,20,1,4,3,30,60,17,3,21,8,4,8,4,76,43,11,0,2,14,1,0,1,23,6,26,40,10,5,55,24,4,2,10,0,2,1,0,36,27,168,55,17,30,61,4,89,175,288,111,131,0,7,0,1,5,41,1,7,0,12,9,25,91,30,79,51,77,0,32,32,9,133,18,3,144,0,0,12,208,0,0,0
485034,8,2,7,7,14,14,0,1,0,8,3,1,1,1,1,0,3,0,1,1,4,9,3,1,3,1,2,2,0,8,5,0,0,0,2,1,1,2,5,1,4,5,2,1,8,2,1,0,3,0,0,0,0,5,5,29,13,3,5,6,0,12,18,21,11,13,0,0,0,0,1,4,0,1,0,1,1,3,8,2,7,3,5,0,3,3,1,8,1,3,9,0,0,2,11,0,0,0
485035,46,10,32,30,64,71,0,3,1,22,8,5,4,6,5,0,15,0,5,4,26,53,15,2,19,8,3,7,4,65,39,13,0,2,14,1,1,2,24,5,21,33,8,6,74,26,4,2,13,0,1,3,0,36,24,151,40,15,19,59,3,90,168,265,100,117,0,8,0,1,4,33,1,6,0,12,9,23,101,31,79,59,70,0,38,29,8,141,21,5,185,0,0,14,224,0,0,0
485037,64,15,54,61,108,113,0,5,2,41,17,8,8,9,9,0,26,0,10,7,60,121,33,5,42,7,4,11,8,94,56,17,0,2,18,2,1,6,21,5,21,35,8,5,67,19,4,2,10,0,1,2,1,37,33,190,76,21,28,77,5,123,237,311,165,186,0,8,0,1,4,31,1,9,0,13,8,33,92,27,82,43,70,0,20,18,10,113,21,3,180,1,0,9,209,0,0,0
485040,43,11,37,42,80,75,0,2,1,28,11,5,4,5,6,0,12,0,8,6,24,49,14,3,18,7,5,10,3,45,27,8,0,1,8,1,0,2,13,4,16,26,8,2,32,8,5,1,14,0,1,1,1,26,16,80,54,9,19,35,2,71,122,117,80,92,0,2,0,0,2,18,1,3,0,5,5,12,37,14,42,12,44,0,16,10,4,57,6,6,56,0,1,8,57,0,0,0
485041,114,29,99,95,202,208,0,6,3,89,36,14,14,17,17,0,31,0,19,13,61,125,35,6,44,18,9,24,7,98,61,14,0,2,20,3,3,11,29,7,28,43,10,6,82,25,6,2,17,0,2,4,1,55,34,183,80,31,30,89,6,166,309,297,205,234,0,6,0,1,6,42,1,12,1,13,13,32,90,28,90,33,83,0,25,14,12,109,14,16,142,1,1,14,148,0,0,0
485042,78,18,61,80,141,117,0,7,2,77,30,10,10,11,13,0,18,0,13,8,29,59,16,3,21,13,7,22,5,41,26,6,0,1,9,2,2,7,13,2,9,12,3,2,20,7,2,1,5,0,0,2,0,17,14,62,62,24,19,38,3,70,141,119,94,107,0,2,0,0,2,12,0,6,0,5,6,11,28,8,30,5,19,0,6,3,6,27,4,8,31,0,0,3,34,0,0,0
485043,47,10,39,41,78,88,0,4,1,29,12,7,6,8,8,0,20,0,7,5,35,71,20,4,25,8,2,9,2,65,36,13,0,1,13,2,1,5,21,4,15,25,5,4,55,18,2,1,7,0,2,2,1,30,19,99,45,18,17,51,3,83,154,210,98,115,0,6,0,0,3,26,1,5,0,9,7,22,66,20,56,32,48,0,21,14,6,86,15,5,136,0,0,10,146,0,0,0
485044,230,59,189,212,414,354,0,16,6,305,115,26,26,34,34,0,45,1,43,27,115,234,66,13,83,35,20,63,17,118,71,16,0,3,25,4,3,14,50,8,34,53,14,5,69,19,8,3,24,0,1,6,1,49,64,312,200,111,63,95,7,175,338,344,220,252,0,4,0,0,6,39,1,11,1,13,14,37,82,22,74,16,69,0,10,2,12,89,12,25,107,1,1,10,106,0,0,0
485045,39,11,35,34,78,53,0,2,1,54,20,3,2,3,3,0,8,0,8,5,20,40,11,2,14,5,1,11,1,9,5,0,0,0,2,1,1,3,5,1,2,4,1,0,4,2,1,0,1,0,0,2,0,3,8,34,25,26,9,8,0,14,26,29,20,19,0,0,0,0,0,3,0,0,0,1,1,2,4,1,6,1,3,0,1,1,1,5,1,2,8,0,0,1,7,0,0,0
485048,192,51,168,174,371,268,0,8,5,294,112,19,20,20,26,0,42,1,34,21,86,174,49,8,61,28,13,53,8,73,38,8,0,2,16,3,3,11,33,3,14,19,4,2,26,5,3,1,8,0,2,3,0,24,35,145,139,83,40,46,3,83,158,165,116,124,0,1,0,0,2,11,0,6,0,4,5,11,28,7,30,4,23,0,3,2,4,23,3,12,31,0,0,3,30,0,0,0
485050,145,36,117,138,250,254,0,5,2,78,29,10,10,11,12,0,32,1,25,17,72,145,40,8,50,18,4,35,7,73,35,5,0,2,13,2,2,10,21,3,14,22,5,1,18,4,3,0,9,0,0,1,0,22,27,137,94,36,25,38,3,62,113,154,89,90,0,1,0,0,1,5,0,2,0,3,3,7,17,3,12,2,7,0,1,0,4,12,2,8,16,0,3,2,14,0,0,0
485051,65,16,53,66,116,113,0,4,2,42,17,10,10,13,12,0,25,1,11,7,60,121,34,5,42,7,5,13,6,97,54,12,0,2,15,2,1,4,24,8,33,53,14,4,54,15,7,2,20,0,0,6,0,48,30,167,83,24,35,63,4,111,213,225,138,159,0,3,0,0,4,29,1,7,0,8,8,23,55,14,48,13,37,0,13,7,7,62,9,10,97,0,0,6,87,0,0,0
485053,71,18,55,62,127,126,0,6,2,58,23,8,8,9,10,0,22,1,14,9,51,103,28,4,35,8,6,15,7,80,38,12,0,2,13,2,1,5,21,4,18,31,6,3,47,11,3,1,9,0,1,3,0,34,28,153,97,12,38,56,4,94,174,232,112,133,0,2,0,0,3,19,0,7,0,7,6,20,43,9,31,7,23,0,8,1,7,31,6,3,55,0,0,4,50,0,0,0
485054,34,7,22,23,45,45,0,0,1,20,7,4,3,3,4,0,2,0,5,4,7,14,4,1,5,4,2,7,3,18,8,3,0,0,3,0,0,1,3,0,1,3,1,0,2,1,0,0,1,0,0,0,0,4,7,37,27,11,9,5,1,10,18,12,13,13,0,0,0,0,0,1,0,0,0,0,0,1,2,0,2,0,1,0,0,0,1,1,0,1,1,0,2,0,2,0,0,0
485083,89,22,79,94,177,168,0,4,2,85,31,7,7,8,9,0,24,0,18,12,56,112,31,5,39,14,3,32,5,63,29,2,0,1,9,3,3,13,13,2,8,11,2,1,12,3,1,0,4,0,0,0,0,13,13,60,46,20,10,25,2,44,80,90,64,71,0,0,0,0,1,5,0,2,0,3,4,4,16,3,9,1,7,0,1,1,4,8,2,2,11,0,0,1,11,0,0,0
485085,114,27,99,99,216,231,0,4,4,90,34,9,9,9,13,0,19,0,22,15,49,100,27,6,34,14,4,37,6,63,29,6,0,1,9,2,2,10,13,2,8,13,3,1,13,7,2,0,6,0,0,2,0,13,23,108,96,30,18,33,2,59,97,117,61,72,0,1,0,0,1,10,0,3,0,3,5,9,18,3,15,1,9,0,2,1,4,11,2,4,13,0,0,2,18,0,0,0
485086,145,37,126,141,273,284,0,7,4,112,44,14,14,16,19,0,35,1,29,19,81,162,44,8,56,19,8,37,10,82,44,6,0,1,12,4,5,18,23,4,18,30,7,2,25,9,5,1,14,0,1,2,1,29,35,181,86,39,21,56,4,93,163,215,114,132,0,1,0,0,2,12,0,5,0,5,7,14,29,4,13,2,9,0,1,1,8,13,3,6,24,0,0,3,29,0,0,0
485087,17,4,17,19,34,34,0,2,1,18,7,3,3,4,4,0,6,0,4,2,16,32,9,2,11,3,1,8,2,17,8,2,0,0,2,1,1,6,4,1,3,4,1,1,6,2,0,0,1,0,0,0,0,5,9,50,15,4,4,10,1,15,26,46,20,22,0,0,0,0,1,5,0,2,0,1,2,3,8,1,3,1,2,0,1,0,3,3,1,3,8,0,0,1,10,0,0,0
485118,13,3,9,15,21,15,0,1,0,15,5,1,1,1,1,0,3,0,2,1,7,15,4,1,5,1,1,2,1,12,6,3,0,0,3,0,0,1,1,0,1,2,0,0,3,1,0,0,0,0,0,1,0,3,4,22,10,5,2,8,1,12,25,36,19,19,0,0,0,0,0,1,0,1,0,1,1,3,4,2,8,0,6,0,0,0,1,6,1,2,5,0,0,0,4,0,0,0
485119,28,6,20,29,46,31,0,4,0,37,12,2,2,2,2,0,5,0,4,2,9,19,5,1,6,4,1,6,1,21,12,2,0,1,5,1,0,3,7,1,5,7,1,1,16,3,0,0,1,0,0,1,0,10,11,71,15,8,5,19,1,26,51,100,29,34,0,0,0,0,1,8,0,1,0,3,3,8,19,6,27,3,20,0,1,0,5,19,2,3,19,0,0,1,22,0,0,0
485120,28,5,19,27,41,30,0,2,1,21,7,2,2,3,3,0,6,0,3,2,19,38,11,2,13,5,2,5,2,29,17,5,0,1,9,1,0,2,11,2,7,11,2,1,20,4,1,0,2,0,1,3,0,18,11,71,21,9,11,31,2,43,75,155,43,46,0,1,0,0,1,9,0,3,0,4,4,10,23,8,37,4,24,0,2,0,6,27,2,5,22,0,0,2,27,0,0,0
485122,15,4,13,14,30,20,0,1,0,21,8,1,1,1,2,0,4,0,2,1,5,11,3,1,4,4,0,3,1,16,9,2,0,0,3,0,0,1,1,0,1,2,0,0,5,2,0,0,1,0,0,0,0,4,4,18,8,9,4,10,1,20,38,35,20,25,0,1,0,0,1,7,0,1,0,2,2,6,11,3,15,2,8,0,1,1,2,13,2,3,11,0,0,1,14,0,0,0
485123,3,0,2,1,6,3,0,0,0,3,1,0,0,0,1,0,0,0,0,0,0,0,0,0,0,0,0,0,0,1,0,0,0,0,0,0,0,0,0,0,0,1,0,0,0,0,0,0,0,0,0,0,0,0,0,3,2,0,0,1,0,1,3,1,2,2,0,0,0,0,0,1,0,0,0,0,0,0,1,1,4,1,2,0,0,0,0,3,0,0,1,0,0,0,3,0,0,0
485128,2,0,2,2,6,3,0,0,0,3,1,0,1,1,1,0,1,0,0,0,2,4,1,0,1,0,0,0,0,3,2,1,0,0,1,0,0,0,0,0,1,1,0,0,1,0,0,0,0,0,0,0,0,2,1,7,2,2,1,1,0,2,4,6,2,3,0,0,0,0,0,1,0,0,0,1,1,2,3,1,3,0,2,0,1,0,1,4,1,0,5,0,0,1,7,0,0,0
485131,1,0,2,3,3,3,0,0,0,0,0,0,0,0,0,0,0,0,0,0,0,0,0,0,0,0,0,0,0,1,1,0,0,0,0,0,0,0,0,0,0,0,0,0,1,0,0,0,0,0,0,0,0,0,0,2,0,0,0,0,0,0,1,2,0,0,0,0,0,0,0,0,0,0,0,0,0,1,1,0,0,0,0,0,0,0,0,1,0,0,1,0,0,0,2,0,0,0
485132,6,1,5,5,11,6,0,1,0,5,2,1,0,1,1,0,2,0,0,0,3,6,2,0,2,1,1,1,1,9,7,0,0,0,2,0,0,1,1,0,2,4,1,0,3,1,0,0,1,0,0,1,0,3,4,23,7,2,3,5,0,7,14,27,8,10,0,0,0,0,0,1,0,1,0,1,1,2,4,1,7,0,4,0,0,0,1,4,1,1,4,0,0,0,6,0,0,0
485137,0,0,0,0,0,0,0,0,0,0,0,0,0,0,0,0,1,0,0,0,0,0,0,0,0,0,0,0,0,1,0,0,0,0,0,0,0,0,0,0,0,0,0,0,0,0,0,0,0,0,0,0,0,0,0,0,0,0,0,0,0,0,0,1,0,0,0,0,0,0,0,1,0,0,0,0,0,1,0,0,0,0,0,0,0,0,0,0,0,0,0,0,0,0,0,0,0,0
485138,80,21,66,61,153,136,0,6,1,70,27,5,6,6,7,0,14,0,12,8,12,25,7,1,9,10,3,19,4,47,28,8,0,1,10,1,0,1,14,2,7,12,3,1,16,5,2,0,4,0,1,2,0,16,22,95,79,35,26,34,3,68,124,116,68,84,0,1,0,0,1,10,0,2,0,4,5,10,26,11,49,6,31,0,2,1,4,44,4,8,34,0,0,2,42,0,0,0
485139,32,8,25,21,55,51,0,2,1,30,12,3,3,4,3,0,9,0,4,3,6,12,3,1,4,3,1,6,1,19,11,5,0,0,4,1,0,2,8,0,1,3,1,1,8,2,0,0,1,0,1,0,0,4,8,35,27,10,9,13,1,25,46,41,29,34,0,1,0,0,1,6,0,1,0,2,4,7,14,5,21,3,16,0,1,0,3,20,2,6,19,0,0,1,22,0,0,0
485140,69,17,53,63,120,100,0,6,1,62,22,4,5,4,6,0,15,0,11,7,34,68,19,4,24,8,2,11,5,51,31,5,0,2,14,3,3,13,14,3,12,19,4,2,26,8,2,0,3,0,0,4,0,21,21,114,48,24,20,38,3,59,109,177,67,76,0,2,0,0,2,18,1,4,0,7,8,25,42,14,57,4,39,0,5,1,12,50,5,14,39,0,1,5,56,0,0,0
485142,142,35,108,122,258,186,0,10,4,200,75,12,13,11,16,0,40,1,23,14,94,190,52,9,66,17,4,25,5,92,53,11,0,3,26,6,7,28,26,4,19,30,5,3,43,12,2,1,5,0,2,3,0,40,40,222,89,54,32,63,4,98,180,275,145,152,0,2,0,0,3,23,0,6,0,10,13,28,58,16,68,5,43,0,4,1,17,53,7,13,54,1,1,6,69,0,0,0
485143,53,12,38,45,85,72,0,4,1,48,17,4,5,5,5,0,9,0,5,3,19,38,11,2,13,7,1,11,2,43,26,7,0,2,13,2,1,6,7,2,7,13,3,1,22,5,1,1,2,0,0,3,0,16,21,121,42,16,16,34,3,56,98,166,55,66,0,1,0,0,2,12,0,2,0,5,6,17,29,10,41,5,29,0,3,1,6,35,5,7,35,0,1,4,50,0,0,0
485145,0,0,0,0,0,0,0,0,0,0,0,0,0,0,0,0,0,0,0,0,0,0,0,0,0,0,0,1,0,0,0,0,0,0,0,0,0,0,0,0,0,0,0,0,0,0,0,0,0,0,0,0,0,0,0,0,0,0,0,0,0,0,0,0,0,0,0,0,0,0,0,0,0,0,0,0,0,0,0,0,0,0,1,0,0,0,0,0,0,0,0,0,0,0,0,0,0,0
485147,0,0,0,0,0,0,0,0,0,0,0,0,0,0,0,0,0,0,0,0,0,0,0,0,0,0,0,0,0,0,0,0,0,0,0,0,0,0,0,0,0,0,0,0,0,0,0,0,0,0,0,0,0,0,0,0,0,0,0,0,0,0,0,1,0,0,0,0,0,0,0,0,0,0,0,0,0,0,0,0,0,0,0,0,0,0,0,0,0,0,0,0,0,0,0,0,0,0
485172,1,0,1,0,1,1,0,0,0,0,0,0,0,0,0,0,0,0,0,0,0,0,0,0,0,0,0,1,0,0,0,0,0,0,0,0,0,0,0,0,0,0,0,0,0,0,0,0,0,0,0,0,0,0,0,0,0,0,0,0,0,0,0,0,0,0,0,0,0,0,0,0,0,0,0,0,0,0,0,0,1,0,1,0,0,0,0,0,0,0,0,0,0,0,1,0,0,0
485173,1,0,1,0,1,0,0,0,0,1,1,0,0,0,0,0,0,0,0,0,0,0,0,0,0,0,0,0,0,1,0,0,0,0,0,0,0,0,0,0,0,0,0,0,1,0,0,0,0,0,0,0,0,0,0,3,0,0,0,1,0,1,2,6,1,2,0,0,0,0,0,1,0,0,0,0,0,0,1,0,2,0,1,0,0,0,0,1,0,0,1,0,0,0,2,0,0,0
485193,1,0,1,0,1,1,0,0,0,1,0,0,0,0,0,0,0,0,0,0,0,0,0,0,0,0,0,0,0,0,0,1,0,0,0,0,0,0,0,0,0,0,0,0,0,0,0,0,0,0,0,0,0,0,0,1,1,1,0,0,0,1,0,0,0,0,0,0,0,0,0,0,0,0,0,0,0,0,0,0,0,0,0,0,0,0,0,0,0,0,0,0,0,0,0,0,0,0
485194,1,0,1,2,3,2,0,0,0,5,2,1,1,1,1,0,1,0,0,0,0,1,0,0,0,0,0,1,0,1,1,0,0,0,0,0,0,0,0,0,0,0,0,0,0,0,0,0,0,0,0,0,0,0,0,1,1,0,1,0,0,1,2,2,1,1,0,0,0,0,0,1,0,0,0,0,0,1,1,0,1,0,1,0,0,0,0,1,0,1,0,0,0,0,1,0,0,0
485201,98,24,70,74,152,141,0,7,2,87,34,12,10,13,15,0,36,1,16,10,69,141,40,7,50,10,16,16,7,100,59,12,0,2,21,3,3,10,33,7,31,53,12,5,59,16,5,2,15,0,1,7,1,47,43,240,111,35,50,69,5,114,212,285,132,153,0,3,0,0,3,22,0,7,0,8,8,22,54,18,69,9,48,0,12,3,10,70,7,11,59,0,1,7,71,0,0,0
485202,131,32,92,114,212,162,0,8,3,127,49,12,12,13,16,0,31,1,18,11,80,162,46,8,57,20,12,30,7,87,54,8,0,3,22,2,2,8,39,6,25,45,9,3,47,12,5,1,12,0,1,14,1,37,42,235,134,41,45,75,5,132,248,299,153,179,0,3,0,0,3,21,1,5,0,8,9,20,51,17,73,8,50,0,8,1,7,65,8,19,68,0,1,6,76,0,0,0
485203,79,19,58,72,138,112,0,5,2,108,40,9,9,11,12,0,25,1,15,9,66,134,37,7,46,14,6,21,3,59,34,9,0,2,16,3,2,10,19,4,16,25,4,4,48,9,3,1,8,0,2,6,1,29,30,157,86,31,45,48,3,82,149,189,113,121,0,2,0,0,2,16,0,4,0,6,7,18,40,10,42,6,29,0,5,1,8,36,5,9,56,0,0,5,43,0,0,0
485204,108,27,81,88,185,159,0,9,2,90,34,10,9,11,12,0,35,1,15,10,95,191,54,10,66,11,7,18,7,103,64,10,0,3,24,3,2,10,32,9,39,66,11,6,79,17,5,2,12,0,0,11,0,60,47,262,122,41,53,85,6,139,256,373,166,191,0,4,0,0,4,30,1,8,0,12,15,33,72,22,89,18,55,0,17,2,12,83,11,21,103,1,1,12,119,0,0,0
485205,102,25,80,99,189,131,0,8,2,131,46,10,10,10,12,0,32,1,17,10,80,161,44,8,56,10,5,19,3,65,40,8,0,2,19,2,2,8,19,5,22,34,6,3,48,11,3,1,6,0,0,5,1,35,29,163,62,25,25,57,4,93,175,250,116,127,0,2,0,0,3,18,0,7,0,8,9,20,48,13,56,10,37,0,3,0,12,44,6,7,56,0,1,4,59,0,0,0
485206,90,22,65,80,145,119,0,7,2,91,33,9,9,10,11,0,25,0,14,9,65,131,37,6,45,9,5,14,4,64,39,7,0,2,19,2,2,7,22,4,15,27,5,3,36,10,2,1,6,0,0,5,0,32,33,196,59,24,28,51,4,83,151,226,106,117,0,1,0,0,1,12,0,4,0,6,6,19,37,12,53,9,33,0,4,1,7,46,5,13,46,0,1,4,55,0,0,0
485207,122,30,101,124,235,152,0,11,3,207,70,12,11,13,15,0,34,1,22,13,93,188,52,8,65,18,7,26,5,84,46,11,0,3,23,3,4,15,19,5,20,30,5,4,48,10,3,1,7,0,0,6,1,39,30,175,70,37,22,63,4,101,186,278,137,146,0,2,0,0,3,25,1,6,0,9,9,26,55,16,80,6,48,0,5,0,15,48,5,16,52,0,1,6,52,0,0,0
485208,57,15,45,56,109,80,0,5,1,56,21,5,4,6,6,0,16,0,9,6,46,92,25,4,32,6,2,8,3,56,32,6,0,2,16,2,1,6,13,4,16,25,5,2,34,8,2,1,6,0,0,4,0,28,24,153,45,12,20,45,3,69,129,216,83,93,0,1,0,0,1,13,0,3,0,6,6,18,36,10,47,5,33,0,3,1,7,34,5,8,43,0,1,4,45,0,0,0
485209,100,25,77,90,177,136,0,6,1,110,40,7,7,10,9,0,30,1,11,7,82,165,45,7,57,13,3,22,6,66,36,6,0,2,19,2,2,10,17,4,16,22,4,2,28,8,2,0,4,0,1,3,0,28,31,168,72,31,25,55,4,86,161,250,114,124,0,1,0,0,2,14,0,4,0,5,7,15,32,10,48,6,27,0,3,1,6,39,5,8,43,0,1,3,44,0,0,0
485210,76,20,56,56,129,118,0,5,2,80,31,8,8,7,11,0,24,0,12,8,54,109,32,5,38,10,6,14,6,62,41,8,0,1,14,2,1,5,29,5,22,42,9,3,43,12,6,2,14,0,1,10,1,36,32,190,77,29,35,57,3,98,176,224,117,131,0,2,0,0,4,25,1,6,0,7,8,19,46,15,56,9,41,0,13,2,7,59,7,11,60,0,0,8,73,0,0,0
485212,107,26,85,110,206,145,0,8,3,140,48,11,10,12,14,0,37,1,19,11,88,178,49,9,62,17,7,24,5,69,40,10,0,2,19,5,6,22,25,4,16,25,4,2,25,7,2,1,5,0,0,3,1,31,25,133,53,37,20,46,3,74,137,197,107,117,0,1,0,0,2,15,0,4,0,7,8,20,38,10,44,4,26,0,2,0,11,35,4,10,41,0,1,4,41,0,0,0
485213,97,23,78,88,186,130,0,7,2,151,53,10,10,12,14,0,32,1,19,11,78,157,43,7,55,14,7,23,4,53,27,7,0,1,13,2,3,11,15,4,17,23,4,2,30,6,3,1,6,0,1,6,0,31,22,119,55,28,17,41,3,70,129,164,97,106,0,1,0,0,1,11,0,3,0,5,6,12,30,8,33,3,23,0,3,1,8,27,3,10,29,0,0,3,32,0,0,0
485215,61,14,49,62,114,74,0,4,1,131,43,6,6,7,8,0,16,0,11,7,40,80,22,3,27,8,5,15,3,32,15,4,0,1,6,1,1,6,14,2,8,11,2,1,13,4,1,0,2,0,0,3,0,11,12,61,33,18,8,24,1,38,76,101,60,62,0,1,0,0,1,9,0,3,0,3,4,6,16,5,24,2,17,0,1,0,4,16,2,8,18,0,0,1,16,0,0,0
485224,234,59,170,178,383,301,0,15,5,334,131,21,23,23,29,0,62,1,30,19,117,238,66,11,84,37,15,65,14,119,68,16,0,3,27,4,4,17,42,8,33,56,13,4,62,14,5,1,11,0,1,8,0,49,58,305,153,102,53,89,6,156,288,354,196,219,0,3,0,0,3,23,1,9,1,11,14,29,68,22,107,7,60,0,6,3,12,80,10,17,67,1,1,7,91,0,0,0
485225,237,59,175,217,407,315,0,17,5,286,113,20,20,24,27,0,47,1,33,21,115,232,65,10,80,36,16,55,15,132,86,17,0,4,35,5,4,17,55,7,29,57,10,4,69,15,4,3,10,0,2,6,1,59,64,333,169,97,60,114,8,189,353,506,213,247,0,3,0,0,4,30,1,10,1,13,18,38,85,33,146,14,90,0,11,4,14,126,14,18,99,1,1,9,141,0,0,0
485226,192,50,166,182,360,286,0,11,6,385,152,27,26,27,34,0,48,1,34,21,124,251,69,11,87,41,20,75,17,83,46,9,0,2,20,3,3,13,33,4,19,33,7,3,38,8,2,1,7,0,0,4,1,31,41,196,121,82,42,66,4,124,226,239,161,175,0,2,0,0,2,15,0,5,0,7,12,18,47,16,74,6,47,0,5,2,8,55,6,20,43,0,1,5,60,0,0,0
485233,166,44,136,141,320,239,0,11,4,256,97,17,17,16,22,0,43,1,28,18,114,232,63,10,80,26,10,39,9,86,49,11,0,2,21,4,4,15,33,5,23,37,7,2,36,10,4,1,8,0,2,6,0,37,39,202,117,63,36,63,4,116,196,253,142,156,0,2,0,0,2,13,0,4,0,7,8,20,44,13,56,4,33,0,4,0,9,47,7,12,52,0,0,4,58,0,0,0
485234,173,44,145,167,331,265,0,12,6,270,99,18,19,20,24,0,56,1,33,21,157,317,86,13,109,25,10,49,11,106,64,6,0,4,33,5,5,20,32,6,27,37,7,3,38,11,4,1,9,0,1,6,1,37,41,213,116,67,38,69,5,118,211,275,168,180,0,2,0,0,3,18,0,7,0,9,9,26,49,13,57,6,35,0,2,1,11,42,7,17,69,1,1,5,67,0,0,0
485248,109,30,92,94,199,153,0,6,2,218,86,11,12,10,14,0,20,0,17,11,45,91,25,4,32,17,6,35,6,39,24,5,0,1,10,2,2,9,16,1,6,10,1,1,14,3,1,1,4,0,1,2,0,13,23,108,58,50,23,28,2,50,92,109,68,72,0,1,0,0,1,6,0,3,0,3,3,8,17,5,26,2,14,0,1,0,5,15,2,6,15,0,0,1,17,0,0,0
485249,178,45,153,156,348,255,0,8,3,292,115,16,15,17,20,0,42,1,32,20,97,196,54,10,68,32,10,70,10,68,38,8,0,2,16,6,7,26,30,2,9,14,2,2,21,7,1,0,4,0,1,1,0,19,35,167,86,75,27,49,3,82,155,202,119,128,0,1,0,0,2,10,0,4,0,4,5,12,28,9,44,4,22,0,1,0,6,28,4,10,28,0,0,3,42,0,0,0
485250,67,17,52,64,115,100,0,3,2,44,17,7,6,6,8,0,12,0,10,7,37,75,20,3,26,8,5,17,5,38,21,2,0,1,8,1,1,6,4,2,9,14,4,1,7,2,2,0,7,0,0,4,0,12,21,101,65,28,18,21,2,37,72,60,53,54,0,0,0,0,1,4,0,2,0,1,1,4,7,1,4,1,3,0,2,0,2,4,1,2,8,0,0,1,8,0,0,0
485251,145,36,113,137,255,217,0,4,3,112,44,15,14,18,19,0,36,1,29,19,69,140,39,8,49,19,12,32,9,97,48,8,0,2,16,4,4,17,26,7,30,51,17,2,31,8,8,0,28,0,0,4,0,39,52,241,192,68,54,53,4,93,183,196,116,130,0,1,0,0,1,10,0,4,0,4,6,10,26,4,15,3,9,0,3,0,4,15,3,8,20,0,1,3,24,0,0,0
485253,48,13,37,47,87,69,0,0,1,33,12,4,3,5,5,0,5,0,17,11,15,30,8,2,11,5,3,8,1,14,7,1,0,0,2,0,0,1,10,2,7,11,3,0,2,1,1,0,5,0,1,0,0,7,10,44,39,13,9,7,1,9,21,34,14,15,0,0,0,0,0,1,0,0,0,0,1,1,2,0,2,0,1,0,1,1,0,2,0,0,4,0,0,0,4,0,0,0
485254,195,46,147,191,335,304,0,8,5,149,54,20,19,22,24,0,36,2,39,26,98,199,54,8,69,29,12,57,13,90,42,11,0,2,16,3,3,11,26,5,20,31,9,2,24,6,4,0,15,0,0,2,0,27,36,188,118,61,37,47,4,78,150,187,109,117,0,1,0,0,1,7,0,3,0,3,3,9,19,3,12,2,8,0,2,0,3,10,2,5,21,0,0,2,15,0,0,0
485255,152,39,103,127,240,201,0,3,3,84,31,13,11,15,14,0,19,0,27,18,43,88,24,5,30,18,7,35,6,52,24,4,0,1,10,2,2,7,14,3,12,20,5,1,9,2,3,0,13,0,0,0,0,28,24,112,95,58,31,25,3,46,83,82,62,63,0,0,0,0,0,3,0,1,0,1,2,4,7,1,4,1,3,0,1,0,1,4,1,3,5,0,1,1,6,0,0,0
485256,3,0,1,3,3,2,0,0,0,1,1,0,0,0,0,0,0,0,0,0,2,4,1,0,1,0,0,0,0,3,2,0,0,0,1,0,0,0,0,0,1,1,0,0,1,0,0,0,1,0,0,0,0,1,2,9,2,2,0,1,0,2,5,5,3,4,0,0,0,0,0,0,0,0,0,0,0,1,1,0,1,0,1,0,0,0,0,1,0,0,1,0,0,0,1,0,0,0
485257,98,23,72,91,163,143,0,7,3,101,40,12,11,11,15,0,27,1,15,10,50,102,29,6,36,17,9,28,9,60,32,4,0,2,12,2,2,9,17,5,19,29,9,2,37,7,5,1,18,0,0,3,1,28,35,171,115,40,33,38,3,69,132,160,85,95,0,1,0,0,2,10,0,4,0,5,5,11,30,5,21,3,12,0,1,1,5,17,3,7,26,0,0,3,29,0,0,0
485258,89,21,63,83,146,129,0,3,1,51,18,9,7,11,9,0,15,0,15,10,34,69,19,3,25,10,9,27,5,35,16,1,0,1,5,1,1,5,9,3,10,16,5,1,9,1,4,0,14,0,0,2,0,16,18,81,65,26,21,17,2,30,57,53,43,43,0,0,0,0,1,3,0,1,0,1,1,3,5,1,2,1,2,0,1,0,0,2,1,1,8,0,0,1,4,0,0,0
485259,96,22,59,81,144,107,0,2,1,56,22,9,6,14,9,0,13,0,12,9,31,63,17,3,22,9,8,23,2,40,20,3,0,1,7,1,1,3,7,2,7,12,3,1,9,2,1,0,6,0,1,1,0,8,15,73,49,24,14,19,2,33,56,67,46,43,0,0,0,0,0,2,0,1,0,2,1,7,8,1,3,2,2,0,0,0,1,3,1,1,9,0,0,1,9,0,0,0
485260,187,41,127,169,291,239,0,5,3,125,46,16,13,20,17,0,33,1,29,19,59,119,33,6,41,25,7,57,8,74,37,11,0,2,15,3,3,14,20,3,12,23,5,1,17,3,3,1,15,0,0,1,0,30,36,177,121,61,41,38,4,66,123,148,90,93,0,1,0,0,1,4,0,2,0,2,1,3,13,3,9,3,6,0,1,0,2,10,1,4,10,0,1,1,14,0,0,0
485262,31,7,21,27,48,39,0,1,0,18,7,2,2,2,2,0,3,0,4,3,7,13,4,1,5,2,1,7,3,13,6,1,0,0,2,0,0,1,2,1,3,4,1,0,2,1,1,0,3,0,0,0,0,5,7,37,17,12,4,6,1,10,18,20,13,14,0,0,0,0,0,1,0,0,0,0,0,1,2,0,1,0,1,0,0,0,0,2,0,1,2,0,0,0,4,0,0,0
485263,0,0,0,0,0,1,0,0,0,0,0,0,0,0,0,0,0,0,0,0,0,0,0,0,0,0,0,0,0,0,0,0,0,0,0,0,0,0,0,0,0,0,0,0,0,0,0,0,0,0,0,0,0,0,0,0,0,0,0,0,0,0,0,0,0,0,0,0,0,0,0,0,0,0,0,0,0,0,0,0,0,0,0,0,0,0,0,0,0,0,0,0,0,0,0,0,0,0
485264,3,1,1,2,5,2,0,0,0,1,0,0,0,0,1,0,0,0,0,0,1,3,1,0,1,1,0,1,0,3,2,1,0,0,1,0,0,0,2,0,0,1,0,0,1,1,0,0,0,0,0,0,0,1,5,28,5,2,1,2,0,3,5,12,3,3,0,0,0,0,0,0,0,0,0,0,0,1,1,0,1,0,0,0,0,0,0,1,0,1,1,0,0,0,1,0,0,0
485266,39,9,26,31,61,53,0,1,1,20,7,3,2,2,3,0,5,0,8,5,12,25,7,1,9,4,2,6,1,10,4,2,0,0,2,1,1,3,4,1,2,4,1,0,4,2,1,0,3,0,0,0,0,2,6,34,18,10,4,6,1,10,18,24,15,15,0,0,0,0,0,1,0,0,0,0,0,0,2,0,2,0,0,0,0,0,0,1,0,1,1,0,0,0,2,0,0,0
485268,72,15,46,61,114,79,0,4,2,61,23,8,7,10,9,0,14,0,10,7,23,46,12,2,16,11,4,14,3,38,20,2,0,1,8,1,1,3,8,1,6,7,1,1,9,2,1,0,2,0,0,1,0,11,13,74,25,16,7,23,2,35,65,111,49,45,0,0,0,0,1,3,0,2,0,1,1,4,7,2,6,1,5,0,1,0,1,4,1,4,7,0,0,1,8,0,0,0
485281,130,34,106,127,237,210,0,7,5,181,73,39,25,40,51,0,30,1,23,15,94,189,54,12,67,31,84,60,17,82,43,8,0,2,15,2,2,8,34,9,38,68,19,3,44,13,8,3,25,0,0,7,0,52,48,271,162,49,54,70,5,124,218,239,183,198,0,2,0,0,3,18,0,6,0,7,8,18,44,11,42,6,30,0,8,2,6,43,5,23,47,0,0,5,49,0,0,0
485282,166,41,132,170,312,256,0,14,5,211,82,30,25,32,39,0,59,1,30,20,130,263,74,14,92,34,41,64,17,105,61,15,0,2,23,4,3,14,41,8,33,57,16,4,44,16,8,2,24,0,1,8,1,46,48,252,170,60,56,87,5,160,283,315,210,236,0,3,0,0,4,24,1,5,0,10,11,25,60,18,77,15,58,0,4,1,10,69,8,18,67,0,1,5,80,0,0,0
485283,167,40,139,164,316,265,0,12,5,192,75,25,21,31,31,0,48,1,29,18,110,223,63,11,78,28,23,53,15,99,55,17,0,2,21,4,2,10,44,5,22,37,9,3,49,12,5,2,13,0,1,6,1,39,44,229,135,57,50,78,5,148,268,284,185,208,0,3,0,0,4,24,1,7,0,9,12,23,58,17,72,10,52,0,3,2,9,63,8,23,63,0,1,5,79,0,0,0
485284,102,26,85,101,203,131,0,4,4,188,73,16,14,17,21,0,20,0,23,14,61,125,35,6,43,21,15,46,6,35,18,5,0,1,8,2,2,8,13,2,7,12,2,1,13,4,2,0,3,0,0,3,0,12,20,98,68,37,19,24,2,43,80,75,68,72,0,1,0,0,1,6,0,2,0,2,3,5,15,4,15,1,9,0,1,0,4,12,2,4,14,0,0,1,14,0,0,0
485286,171,45,142,146,325,248,0,10,5,367,146,19,20,20,26,0,37,1,29,18,90,183,51,9,64,36,13,62,11,73,41,11,0,2,16,3,3,13,31,3,14,21,4,2,25,6,2,1,4,0,0,1,0,22,34,143,109,70,37,48,3,78,148,192,120,127,0,1,0,0,1,9,0,3,0,5,7,10,32,10,49,3,27,0,1,1,7,35,4,9,27,0,0,2,35,0,0,0
485295,202,50,153,165,354,278,0,10,3,212,80,14,12,18,16,0,53,1,31,20,135,273,75,12,94,23,6,38,8,99,59,7,0,3,30,6,7,28,39,4,17,27,4,2,26,7,2,1,5,0,2,3,1,34,40,196,113,79,46,59,4,97,181,239,137,144,0,1,0,0,2,13,0,5,0,8,10,20,42,11,49,2,30,0,3,1,12,37,5,19,40,0,1,4,48,0,0,0
485296,166,43,136,152,314,249,0,11,4,232,88,18,18,21,24,0,57,1,27,18,132,266,73,12,93,29,14,47,11,102,56,8,0,3,27,5,5,21,38,6,24,39,6,2,32,11,2,1,7,0,0,2,1,38,41,193,130,76,40,63,4,106,196,257,148,159,0,2,0,0,2,17,0,4,0,9,10,25,50,14,62,5,37,0,3,1,14,44,6,16,53,0,1,5,60,0,0,0
485297,144,37,112,115,263,193,0,9,3,173,66,11,11,10,14,0,37,1,25,15,89,179,49,8,62,22,7,36,5,81,45,6,0,3,23,3,3,14,16,4,17,24,4,2,23,7,2,1,6,0,1,1,1,26,31,162,78,48,30,42,3,70,126,176,98,104,0,1,0,0,1,10,0,3,0,5,6,14,28,7,30,3,17,0,1,0,7,28,4,8,29,0,1,2,40,0,0,0
485298,99,25,80,82,196,138,0,5,2,147,55,7,9,7,11,0,24,0,19,12,63,127,35,6,44,12,4,21,4,54,33,4,0,2,15,3,3,14,13,2,8,12,2,2,20,6,1,1,3,0,0,0,0,20,21,96,55,47,18,29,2,44,88,125,68,73,0,1,0,0,1,6,0,2,0,3,4,8,21,5,24,1,13,0,2,0,5,18,3,5,24,0,0,2,23,0,0,0
485301,55,12,38,48,86,70,0,4,2,34,14,8,8,8,10,0,24,0,10,6,51,104,29,4,36,8,5,11,6,97,61,19,0,2,14,3,2,7,28,8,32,50,12,7,82,27,7,2,19,0,0,3,2,59,30,179,67,22,32,68,5,108,204,301,133,156,0,6,0,1,5,42,1,7,0,11,8,29,82,26,76,33,59,0,34,42,7,108,15,7,141,0,0,13,154,0,0,0
485302,74,18,66,78,145,143,0,7,3,57,23,14,13,16,16,0,38,1,14,9,83,170,47,8,59,9,7,16,8,111,56,16,0,2,17,3,2,10,24,7,29,45,9,5,65,17,4,1,11,0,1,2,1,43,35,219,76,25,31,72,5,119,229,279,163,188,0,4,0,1,4,26,1,9,0,10,9,22,64,13,46,13,32,0,13,9,10,46,11,4,106,1,1,6,100,0,0,0
485303,48,10,39,41,88,85,0,4,2,36,14,7,7,9,8,0,21,0,11,7,42,85,24,4,30,7,4,9,6,75,39,13,0,2,11,1,1,4,15,6,25,35,9,3,44,13,4,1,11,0,0,2,1,34,21,120,46,17,21,49,3,81,153,194,108,119,0,4,0,0,4,26,1,7,0,9,10,19,60,15,49,14,38,0,11,14,9,59,10,5,87,0,0,4,95,0,0,0
485304,73,15,61,82,141,125,0,5,2,64,25,10,9,14,12,0,27,1,13,9,76,154,42,6,53,9,5,16,5,66,33,9,0,1,10,3,3,12,17,3,14,23,5,3,41,11,2,0,5,0,0,1,0,22,23,136,56,18,15,48,3,81,152,184,112,126,0,2,0,0,4,21,0,7,0,8,6,22,46,8,23,5,22,0,3,1,11,26,6,6,61,0,0,3,46,0,0,0
485305,37,9,30,40,74,61,0,4,1,26,11,5,5,6,6,0,15,0,8,5,44,89,24,4,31,4,1,8,1,39,20,5,0,1,6,2,2,8,9,2,7,14,3,1,18,7,1,1,3,0,0,0,0,12,13,72,30,11,11,29,2,49,91,123,56,67,0,2,0,0,2,10,0,4,0,4,5,11,27,6,18,4,16,0,2,1,5,19,6,3,43,0,0,2,50,0,0,0
485306,61,15,52,67,110,113,0,4,1,45,18,7,6,8,8,0,29,1,10,7,62,125,35,5,43,10,6,13,8,67,32,13,0,1,9,2,2,7,15,3,13,20,3,2,30,8,1,1,5,0,0,1,0,21,20,107,63,14,19,45,3,76,136,189,104,111,0,2,0,0,3,17,0,6,0,6,4,19,33,6,19,3,15,0,4,3,7,21,5,1,44,0,0,3,40,0,0,0
485307,16,3,13,24,35,26,0,2,1,13,5,2,3,3,3,0,6,0,5,3,14,29,8,1,10,2,1,3,1,29,15,9,0,0,3,1,1,3,5,1,5,7,2,1,12,5,1,1,2,0,0,1,0,8,10,54,17,4,5,15,1,26,54,55,38,44,0,1,0,0,2,11,0,5,0,3,3,7,21,4,10,4,8,0,1,1,5,14,4,2,28,0,0,1,30,0,0,0
485308,288,70,252,291,547,539,0,19,7,305,114,27,28,31,35,0,88,2,57,37,243,491,135,20,170,38,15,73,20,239,114,24,0,5,36,9,8,36,57,12,47,73,16,5,72,23,7,2,21,0,2,5,1,77,73,377,244,84,64,135,11,242,438,494,332,368,0,4,0,0,7,40,1,17,0,17,16,46,92,19,66,11,55,0,7,1,24,60,14,11,108,1,2,8,103,0,0,0
485309,3,1,2,4,7,4,0,1,0,7,3,2,2,2,2,0,2,0,1,1,1,2,1,1,1,0,0,1,0,5,2,1,0,0,1,1,1,5,1,0,2,2,0,0,4,2,0,1,1,0,0,0,0,3,2,14,2,1,0,2,0,3,8,7,6,7,0,0,0,0,1,3,0,3,0,1,0,2,5,1,1,1,0,0,0,0,2,1,1,0,6,0,0,1,4,0,0,0
485310,51,13,53,58,112,119,0,5,2,86,30,6,7,6,9,0,18,0,12,8,38,77,21,4,27,7,3,14,4,35,17,1,0,1,5,3,3,14,10,1,5,6,1,0,5,2,1,0,2,0,0,0,0,10,8,31,30,18,9,16,1,32,55,42,46,49,0,0,0,0,1,6,0,3,0,2,2,4,11,2,6,0,5,0,1,0,4,4,1,0,5,0,0,1,6,0,0,0
485320,1,0,1,2,2,2,0,0,0,1,0,0,0,0,0,0,0,0,0,0,2,4,1,0,1,1,0,0,0,1,0,1,0,0,0,0,0,0,0,0,0,0,0,0,1,0,0,0,0,0,0,0,0,0,2,12,1,1,0,1,0,2,2,5,2,2,0,0,0,0,0,1,0,0,0,0,0,1,1,0,1,1,1,0,0,1,0,1,0,0,2,0,0,0,4,0,0,0
485321,0,0,0,1,1,0,0,0,0,0,0,0,0,0,0,0,0,0,0,0,0,1,0,0,0,0,0,0,0,3,2,0,0,0,0,0,0,0,0,0,1,1,0,0,0,1,0,0,0,0,0,0,0,1,0,1,1,0,0,1,0,1,1,3,1,2,0,0,0,0,0,0,0,0,0,0,0,1,1,0,1,0,0,0,0,0,0,1,0,0,2,0,0,0,4,0,0,0
485322,1,0,1,1,2,1,0,0,0,0,0,0,0,0,0,0,1,0,0,0,0,1,0,0,0,1,0,0,0,1,1,0,0,0,0,0,0,0,0,0,0,0,0,0,1,0,0,0,0,0,0,0,0,1,1,7,1,0,0,1,0,1,2,3,1,2,0,0,0,0,0,1,0,0,0,0,0,0,3,0,0,0,0,0,0,0,2,1,0,0,1,0,0,0,2,0,0,0
485323,67,15,58,66,120,121,0,4,2,51,20,11,11,13,13,0,28,1,11,7,65,131,36,6,45,12,5,13,7,82,52,9,0,2,17,3,3,11,23,5,21,33,6,4,58,20,3,2,8,0,1,2,1,46,30,184,59,19,22,66,4,108,211,264,132,159,1,9,0,1,4,33,1,8,0,13,10,37,86,24,61,37,47,0,19,32,11,110,21,13,172,1,1,9,228,0,0,0
485324,4,1,3,5,6,4,0,0,0,4,1,1,1,1,1,0,1,0,1,1,3,5,2,0,2,0,1,1,0,7,4,0,0,0,1,0,0,0,2,0,1,3,0,0,3,0,0,0,0,0,0,0,0,1,2,15,0,1,0,7,0,7,14,44,6,8,0,0,0,0,0,1,0,0,0,1,0,2,3,1,3,1,3,0,0,0,0,4,1,0,8,0,0,0,8,0,0,0
485325,0,0,0,0,0,0,0,0,0,0,0,0,0,0,0,0,0,0,0,0,1,1,0,0,0,0,0,0,0,1,0,0,0,0,0,0,0,0,0,0,0,1,0,0,0,0,0,0,0,0,0,0,0,0,0,2,0,0,0,0,0,0,1,1,1,1,0,0,0,0,0,0,0,0,0,0,0,0,0,0,0,0,0,0,0,0,0,0,0,0,0,0,0,0,0,0,0,0
485326,76,15,58,70,123,93,0,8,3,76,33,15,16,17,21,0,17,0,10,5,42,85,23,4,29,11,5,13,4,116,67,19,0,3,21,3,3,13,19,6,24,36,5,4,61,16,4,1,12,0,2,1,1,54,35,217,50,22,24,76,5,116,232,340,148,175,1,9,0,1,5,31,1,10,0,16,12,31,108,23,52,27,43,0,12,11,28,85,26,9,193,1,1,11,275,0,0,0
485331,127,32,94,117,202,194,0,5,2,79,29,9,9,9,11,0,25,1,20,13,74,148,40,6,51,13,3,23,5,52,24,11,0,1,9,2,2,10,18,3,12,17,5,1,17,4,3,0,10,0,0,1,0,18,22,112,62,40,20,34,3,58,102,138,74,84,0,1,0,0,2,10,0,2,1,2,1,5,13,2,6,2,5,0,0,0,2,7,1,1,16,0,2,1,11,0,0,0
485333,1,0,1,2,3,2,0,0,0,0,0,0,0,0,0,0,0,0,0,0,1,2,1,0,1,0,0,0,0,1,1,1,0,0,0,0,0,0,1,0,1,1,0,0,2,1,0,0,0,0,0,0,0,1,0,2,1,0,0,1,0,1,2,4,2,2,0,0,0,0,0,0,0,0,0,0,0,1,2,0,1,0,1,0,1,0,0,2,1,0,5,0,0,0,4,0,0,0
485335,51,11,42,49,85,98,0,3,2,28,11,6,6,10,7,0,21,1,9,6,41,82,23,3,28,5,3,11,3,100,64,35,0,3,16,2,1,4,18,5,24,36,7,3,37,12,4,2,7,0,0,1,0,58,26,157,60,13,17,57,4,90,168,261,106,125,0,3,0,0,3,22,1,8,0,7,6,19,45,9,30,11,25,0,7,4,7,35,9,7,76,0,0,4,83,0,0,0
485337,2,1,0,1,2,1,0,0,0,2,1,0,0,0,0,0,0,0,0,0,1,3,1,0,1,0,0,0,0,2,1,0,0,0,0,0,0,0,0,0,0,0,0,0,1,0,0,0,0,0,0,1,0,0,2,8,3,1,0,1,0,1,2,4,1,1,0,0,0,0,0,0,0,0,0,0,0,0,0,0,1,0,0,0,0,0,0,1,0,0,0,0,0,0,3,0,0,0
485338,130,27,97,131,226,176,0,8,4,119,47,19,20,21,26,0,49,1,25,15,102,206,57,10,71,18,7,22,7,141,77,17,0,4,30,8,8,33,39,6,26,37,7,5,78,18,5,1,12,0,2,4,1,52,35,208,79,29,23,79,6,131,257,321,179,203,1,8,0,1,5,31,1,11,0,15,11,32,101,21,58,21,55,0,12,12,22,77,21,14,158,1,1,9,188,0,0,0
485339,143,34,121,136,252,261,0,9,4,106,42,17,17,20,20,0,36,1,22,14,71,144,40,6,50,18,9,28,9,99,54,8,0,2,19,3,3,13,29,5,20,27,5,5,59,25,4,1,9,0,1,3,0,41,32,157,102,35,33,73,5,136,261,235,171,197,0,4,0,0,4,25,0,9,0,11,13,25,75,21,81,14,53,0,10,2,15,84,12,19,101,1,1,8,117,0,0,0
485340,93,19,76,94,173,132,0,7,2,75,30,9,11,12,14,0,36,1,18,10,86,173,47,8,60,9,6,14,5,83,44,11,0,2,17,4,5,20,17,3,14,21,4,2,28,9,3,1,7,0,1,2,0,30,21,114,51,31,15,41,3,65,139,146,106,117,0,3,0,0,3,16,0,5,0,9,9,16,55,10,23,7,18,0,5,3,20,28,7,6,62,0,0,3,58,0,0,0
485342,2,1,1,2,4,2,0,0,0,1,1,0,0,0,0,0,1,0,0,0,1,3,1,0,1,1,0,1,1,2,1,0,0,0,0,0,0,0,0,0,2,2,0,0,2,1,0,0,0,0,0,0,0,1,2,14,2,1,0,1,0,2,4,5,3,4,0,0,0,0,0,1,0,0,0,0,0,1,3,0,0,0,0,0,1,0,1,1,1,0,5,0,0,0,4,0,0,0
485343,0,0,0,0,1,1,0,0,0,1,0,0,0,0,0,0,0,0,0,0,0,0,0,0,0,0,0,0,0,1,0,0,0,0,0,0,0,0,0,0,0,0,0,0,0,0,0,0,0,0,0,0,0,0,1,6,1,0,0,1,0,0,1,3,1,1,0,0,0,0,0,1,0,0,0,0,0,0,1,0,0,0,0,0,0,0,0,0,0,1,0,0,0,0,0,0,0,0
485345,128,29,106,135,234,220,0,11,4,95,39,17,17,21,21,0,55,1,21,14,122,247,68,11,85,19,6,26,7,172,92,35,0,4,24,5,4,19,39,10,42,65,12,7,94,25,6,5,12,0,0,5,2,81,49,276,129,43,43,114,9,190,359,483,244,277,1,7,0,1,8,53,2,18,1,17,13,46,106,21,61,22,55,0,13,10,20,78,18,11,163,1,1,8,153,0,0,0
485346,0,0,0,1,1,0,0,0,0,0,0,0,0,0,0,0,0,0,0,0,1,2,1,0,1,0,0,0,0,0,0,1,0,0,0,0,0,0,0,0,0,0,0,0,1,0,0,0,0,0,1,0,0,0,0,2,0,0,0,1,0,1,3,4,2,2,0,0,0,0,0,0,0,0,0,0,0,1,1,0,0,0,0,0,0,0,0,1,0,0,1,0,0,0,1,0,0,0
485347,0,0,0,0,0,0,0,0,0,0,0,0,0,0,0,0,0,0,0,0,1,1,0,0,0,0,0,0,0,1,0,0,0,0,0,0,0,0,0,0,0,0,0,0,0,0,0,0,0,0,0,0,0,0,0,1,0,0,0,0,0,0,0,0,0,0,0,0,0,0,0,0,0,0,0,0,0,0,0,0,0,0,0,0,0,0,0,0,0,0,0,0,0,0,0,0,0,0
485350,0,0,0,0,1,0,0,0,0,0,0,0,0,0,0,0,0,0,0,0,0,1,0,0,0,0,0,0,0,0,0,0,0,0,0,0,0,0,0,0,0,0,0,0,0,0,0,0,0,0,0,0,0,0,0,1,0,0,0,0,0,0,0,0,0,0,0,0,0,0,0,0,0,0,0,0,0,0,0,0,0,0,0,0,0,0,0,0,0,0,0,0,0,0,0,0,0,0
485351,20,4,16,25,35,27,0,2,1,12,5,3,3,4,3,0,10,0,3,2,12,25,7,1,9,2,0,2,1,27,14,1,0,1,3,1,0,2,4,1,5,8,1,1,18,2,1,0,2,0,0,1,0,14,9,55,13,10,4,19,2,33,63,70,46,49,0,0,0,0,1,4,0,2,0,2,3,4,14,2,7,2,7,0,1,0,3,6,2,1,24,0,0,1,14,0,0,0
485353,69,15,60,55,117,136,0,4,2,41,17,10,10,11,12,0,21,0,10,7,38,77,21,3,27,7,4,12,5,79,47,9,0,2,16,1,1,5,18,4,16,25,5,4,64,19,3,1,7,0,1,1,0,34,25,140,59,20,20,68,4,115,215,270,133,158,1,10,0,1,3,25,1,8,0,12,8,27,90,28,69,59,66,0,23,14,12,130,21,8,163,1,1,9,221,0,0,0
485354,5,1,4,4,9,6,0,1,0,8,3,1,1,1,2,0,1,0,0,0,2,4,1,0,2,0,0,1,0,7,5,2,0,0,1,0,0,0,1,1,2,4,0,0,4,2,0,0,1,0,0,0,0,4,6,37,2,1,0,6,0,11,20,30,12,15,0,0,0,0,1,6,0,1,0,3,3,4,20,3,4,0,5,0,1,1,11,5,1,1,9,0,0,2,13,0,0,0
485355,32,7,26,41,63,40,0,3,1,26,10,4,4,4,5,0,11,0,7,4,27,54,15,3,19,3,2,4,3,32,16,2,0,1,5,2,3,10,9,1,5,8,2,1,11,3,1,0,3,0,0,0,0,13,8,41,16,11,5,18,1,28,60,75,41,47,0,1,0,0,1,7,0,3,0,3,3,6,19,3,7,2,6,0,1,1,7,7,3,4,20,0,0,1,21,0,0,0
485357,0,0,0,1,0,0,0,0,0,0,0,0,0,0,0,0,0,0,0,0,0,0,0,0,0,0,0,0,0,1,0,0,0,0,0,0,0,0,0,0,0,0,0,0,0,0,0,0,0,0,0,0,0,1,0,1,0,0,0,0,0,0,0,1,0,0,0,0,0,0,0,0,0,0,0,0,0,0,0,0,1,0,1,0,0,0,0,0,0,0,0,0,0,0,0,0,0,0
485360,0,0,0,0,1,0,0,0,0,0,0,0,0,0,0,0,0,0,0,0,0,0,0,0,0,0,0,0,0,0,0,0,0,0,0,0,0,0,0,0,0,0,0,0,0,0,0,0,0,0,0,0,0,0,0,0,0,0,0,0,0,0,0,0,0,0,0,0,0,0,0,0,0,0,0,0,0,0,0,0,0,0,0,0,0,0,0,0,0,0,0,0,0,0,0,0,0,0
485361,8,1,6,11,16,11,0,1,0,7,3,1,1,1,1,0,5,0,2,1,3,7,2,0,2,1,0,3,0,17,10,3,0,0,2,0,1,2,1,1,4,6,1,1,9,1,0,0,1,0,0,0,0,7,6,33,9,2,1,7,1,10,20,44,13,14,0,0,0,0,0,3,0,1,0,1,1,3,8,2,6,2,6,0,1,0,2,5,1,0,10,0,0,0,9,0,0,0
485363,9,2,8,11,17,15,0,1,0,8,3,2,1,2,2,0,5,0,1,1,9,19,5,1,7,1,0,2,1,20,13,3,0,1,3,0,0,1,2,1,6,9,2,1,9,2,1,0,1,0,0,0,0,14,5,26,9,2,4,9,1,13,27,51,17,20,0,2,0,0,0,3,0,1,0,1,1,2,9,2,6,2,4,0,1,1,2,8,1,1,12,0,0,0,16,0,0,0
485364,0,0,0,0,0,0,0,0,0,1,0,0,0,0,0,0,0,0,0,0,0,0,0,0,0,0,0,0,0,0,0,0,0,0,0,0,0,0,0,0,0,0,0,0,0,0,0,0,0,0,0,0,0,0,0,1,0,0,0,0,0,0,1,1,1,1,0,0,0,0,0,0,0,0,0,0,0,0,0,0,0,0,0,0,0,0,0,0,0,0,1,0,0,0,1,0,0,0
485365,0,0,0,0,0,0,0,0,0,1,0,0,0,0,0,0,0,0,0,0,1,1,0,0,0,0,0,0,0,1,0,0,0,0,0,0,0,0,1,0,0,0,0,0,0,0,0,0,0,0,0,0,0,0,0,1,0,0,0,0,0,0,1,2,0,1,0,0,0,0,0,0,0,0,0,0,0,0,0,0,0,0,0,0,0,0,0,1,0,0,1,0,0,0,2,0,0,0
485367,0,0,0,0,0,0,0,0,0,0,0,0,0,0,0,0,0,0,0,0,0,0,0,0,0,0,0,0,0,1,1,0,0,0,0,0,0,0,0,0,0,0,0,0,0,0,0,0,0,0,0,0,0,0,0,1,0,0,0,0,0,0,0,0,0,0,0,0,0,0,0,0,0,0,0,0,0,0,0,0,0,0,0,0,0,0,0,0,0,0,0,0,0,0,0,0,0,0
485373,23,5,21,26,40,47,0,2,0,17,6,3,3,3,3,0,12,0,4,3,25,51,14,3,18,2,1,7,1,33,17,2,0,1,4,2,2,8,8,1,6,10,2,1,11,3,1,0,3,0,0,0,0,11,9,51,21,12,6,18,1,32,50,72,39,40,0,1,0,0,1,4,0,2,0,2,3,4,13,2,8,2,6,0,1,0,3,6,2,2,14,0,1,1,17,0,0,0
485374,78,17,69,93,150,149,0,6,2,49,19,9,9,13,11,0,34,1,15,10,69,139,39,7,48,7,4,15,4,119,69,24,0,3,18,5,4,17,30,6,26,41,8,2,37,8,4,1,7,0,2,3,1,48,46,282,72,28,23,69,5,104,200,360,118,140,0,3,0,0,2,15,0,7,0,7,5,19,41,7,20,10,18,0,5,3,8,26,8,5,70,0,0,4,63,0,0,0
485375,10,2,9,14,20,15,0,1,0,7,3,1,1,2,2,0,5,0,2,1,8,16,5,1,5,1,2,2,0,17,10,3,0,0,2,0,0,1,5,1,2,5,1,1,6,2,1,0,3,0,0,0,0,7,9,50,10,3,2,11,1,21,47,37,27,31,0,0,0,0,0,1,0,1,0,1,1,2,4,1,3,1,2,0,0,0,0,2,1,1,5,0,0,1,7,0,0,0
485377,8,3,6,7,15,13,0,0,0,8,3,1,1,1,1,0,1,0,1,1,3,7,2,0,2,2,1,3,1,4,2,1,0,0,0,0,0,0,2,0,1,1,0,0,1,0,0,0,1,0,0,0,0,2,3,14,4,2,2,2,0,3,6,9,5,5,0,0,0,0,0,0,0,0,0,0,0,0,1,0,0,0,0,0,0,0,0,0,0,0,1,0,0,0,0,0,0,0
485379,115,24,96,130,223,203,0,6,3,69,28,15,13,21,16,0,45,1,24,15,111,223,61,10,77,11,7,29,9,136,70,20,0,3,20,6,7,30,27,5,23,30,6,3,40,12,3,1,7,0,1,1,0,44,40,228,86,33,22,73,6,117,228,331,153,173,0,3,0,0,3,19,0,10,0,10,8,26,57,10,28,6,20,0,5,2,15,31,9,6,70,1,1,4,69,0,0,0
485381,83,19,74,97,167,158,0,6,3,81,32,12,11,11,15,0,33,1,16,10,101,204,55,9,70,12,6,16,5,94,45,9,0,2,13,4,4,16,21,3,14,21,4,2,32,9,2,1,5,0,0,1,1,25,25,136,63,24,18,48,3,80,153,183,118,135,0,2,0,0,3,20,1,6,0,8,8,19,43,8,26,3,20,0,2,3,13,26,6,8,51,0,0,3,48,0,0,0
485382,139,35,118,137,271,259,0,8,4,103,40,12,12,14,15,0,54,1,28,19,141,284,78,14,98,15,6,30,10,128,62,15,0,3,19,7,8,31,36,5,22,30,5,2,39,9,4,2,8,0,0,3,0,38,35,196,103,34,27,72,6,119,217,301,162,180,0,3,0,0,3,21,1,7,0,7,7,20,42,8,27,5,22,0,4,2,8,30,7,6,61,0,1,3,58,0,0,0
485383,206,49,175,197,391,379,0,11,4,169,61,17,17,20,22,0,54,1,44,28,135,272,75,14,94,21,8,44,14,146,74,12,0,3,23,9,11,42,35,6,24,35,7,2,29,9,4,2,10,0,1,0,1,40,38,190,126,41,27,62,5,103,190,243,147,163,0,2,0,0,3,18,0,7,0,9,8,27,43,7,23,3,13,0,2,1,15,22,4,9,39,0,0,4,39,0,0,0
485387,15,3,14,18,33,27,0,1,0,11,4,1,1,2,1,0,5,0,3,2,13,27,7,1,9,1,1,3,1,24,12,1,0,0,3,1,1,6,6,1,5,7,1,1,5,2,1,0,2,0,0,0,0,7,10,57,14,4,4,12,1,21,43,50,28,32,0,0,0,0,1,3,0,2,0,1,2,4,8,2,5,1,3,0,0,0,2,7,1,1,12,0,0,1,12,0,0,0
485388,79,19,63,81,158,125,0,5,2,53,21,9,8,12,10,0,31,1,17,10,72,144,39,7,50,9,3,14,3,86,44,4,0,2,13,5,7,26,21,3,16,21,4,2,29,10,2,1,5,0,0,2,0,23,24,153,48,17,12,52,4,78,151,262,99,120,0,2,0,0,2,14,0,6,0,6,6,15,38,6,17,6,12,0,3,1,10,22,6,4,48,0,0,3,57,0,0,0
485390,3,1,3,3,6,3,0,1,0,4,2,0,1,1,1,0,1,0,0,0,0,0,0,0,0,0,0,1,0,8,5,0,0,0,1,0,0,1,1,0,1,2,0,0,2,0,0,0,1,0,0,0,0,4,2,10,3,1,1,2,0,4,10,7,5,6,0,0,0,0,0,1,0,1,0,1,1,1,4,1,1,0,0,0,0,0,2,1,0,0,2,0,0,0,1,0,0,0
485392,114,25,88,112,189,172,0,8,3,85,34,16,16,19,20,0,37,1,19,11,111,223,60,9,76,10,6,21,5,119,65,15,0,3,23,4,4,17,20,5,21,34,6,4,58,15,3,1,8,0,1,2,1,44,26,148,69,34,20,73,5,129,237,271,166,182,0,6,0,0,4,28,1,11,0,13,12,30,87,18,52,18,38,0,8,5,18,68,17,13,146,1,1,6,148,0,0,0
485395,100,18,75,110,176,129,0,6,3,75,30,13,15,16,18,0,30,1,20,11,69,139,38,6,49,9,4,15,6,72,38,12,0,2,15,4,4,17,19,3,11,17,3,2,23,9,2,1,4,0,1,1,0,20,18,96,44,23,12,34,3,61,119,112,96,101,0,3,0,0,2,13,0,6,0,7,7,14,39,6,17,5,12,0,3,0,14,19,5,5,51,0,0,3,54,0,0,0
485396,30,6,23,33,57,38,0,2,1,40,16,2,4,3,7,0,14,0,6,4,26,51,14,2,18,4,0,4,2,31,18,2,0,1,6,2,2,7,7,1,4,7,1,1,11,4,1,0,3,0,0,0,0,11,7,44,14,5,4,15,1,25,50,52,36,37,0,1,0,0,2,11,0,3,0,5,6,4,36,6,8,1,7,0,3,3,18,12,3,0,23,0,0,2,30,0,0,0
485501,0,0,0,0,0,0,0,0,0,1,0,0,0,0,0,0,0,0,0,0,0,0,0,0,0,0,0,0,0,0,0,0,0,0,0,0,0,0,0,0,0,0,0,0,0,0,0,0,0,0,0,0,0,0,0,0,1,0,0,0,0,0,0,2,0,0,0,0,0,0,0,0,0,0,0,0,0,1,1,0,0,0,1,0,0,0,0,1,0,1,0,0,0,0,0,0,0,0
485536,0,0,0,0,0,0,0,0,0,0,0,0,0,0,0,0,0,0,0,0,0,0,0,0,0,0,0,0,0,0,0,0,0,0,0,0,0,0,0,0,0,0,0,0,0,0,0,0,0,0,0,0,0,0,0,0,0,0,0,0,0,0,0,0,0,0,0,0,0,0,0,0,0,0,0,0,0,0,0,0,0,0,0,0,0,0,0,0,0,0,0,0,0,0,0,0,0,0
485541,1,0,1,1,3,2,0,1,0,3,1,0,0,0,0,0,2,0,1,0,0,1,0,0,0,0,0,1,1,2,1,0,0,0,0,0,0,0,1,0,0,0,0,0,0,0,0,0,0,0,0,0,0,0,0,1,1,1,0,1,0,2,2,2,2,2,0,0,0,0,0,0,0,0,0,0,0,1,1,0,0,0,0,0,0,0,1,0,0,0,0,0,0,0,1,0,0,0
485545,1,0,0,0,0,1,0,0,0,0,0,0,0,0,0,0,1,0,0,0,0,0,0,0,0,0,0,0,0,0,0,0,0,0,0,0,0,0,0,0,0,0,0,0,0,0,0,0,0,0,0,0,0,0,0,1,1,0,0,0,0,0,1,1,0,0,0,0,0,0,0,1,0,0,0,0,0,0,0,0,0,0,0,0,0,0,0,0,0,0,0,0,0,0,0,0,0,0
485546,0,0,0,0,0,1,0,0,0,0,0,0,0,0,0,0,0,0,0,0,0,0,0,0,0,0,0,0,0,0,0,0,0,0,0,0,0,0,0,0,0,0,0,0,0,0,0,0,0,0,0,0,0,0,0,0,0,1,0,0,0,0,0,0,0,0,0,0,0,0,0,0,0,0,0,0,0,0,0,0,0,0,0,0,0,0,0,0,0,0,0,0,0,0,0,0,0,0
485553,0,0,0,0,0,0,0,0,0,1,0,0,0,0,0,0,0,0,0,0,0,0,0,0,0,0,0,0,0,0,0,0,0,0,0,0,0,0,0,0,0,0,0,0,0,0,0,0,0,0,0,0,0,1,0,0,0,0,0,0,0,0,0,1,0,0,0,0,0,0,0,0,0,0,0,0,0,0,0,0,0,0,0,0,0,0,0,0,0,0,1,0,0,0,0,0,0,0
485601,0,0,0,0,0,0,0,0,0,0,0,0,0,0,0,0,0,0,0,0,0,0,0,0,0,0,0,0,0,0,0,0,0,0,0,0,0,0,0,0,0,0,0,0,0,0,0,0,0,0,0,0,0,0,0,0,0,0,0,0,0,0,0,0,0,0,0,0,0,0,0,0,0,0,0,0,0,0,0,0,0,0,0,0,0,0,0,0,0,0,0,0,0,0,1,0,0,0
485602,0,0,0,0,0,0,0,0,0,0,0,0,0,0,0,0,0,0,0,0,0,0,0,0,0,0,0,0,0,0,0,0,0,0,0,0,0,0,0,0,0,0,0,0,0,0,0,0,0,0,0,0,0,0,0,0,0,0,0,0,0,0,0,0,0,0,0,0,0,0,0,0,0,0,0,0,0,0,0,0,0,0,1,0,0,0,0,0,0,0,0,0,0,0,0,0,0,0
485603,0,0,0,0,0,0,0,0,0,0,0,0,0,0,0,0,0,0,0,0,0,0,0,0,0,0,0,0,0,0,0,0,0,0,0,0,0,0,0,0,0,1,0,0,0,0,0,0,0,0,0,0,0,0,0,0,0,0,0,0,0,0,0,0,0,0,0,0,0,0,0,0,0,0,0,0,0,0,0,0,0,0,0,0,0,0,0,0,0,0,0,0,0,0,0,0,0,0
485606,0,0,0,0,0,0,0,0,0,0,0,0,0,0,0,0,0,0,0,0,0,0,0,0,0,0,0,0,0,0,0,0,0,0,0,0,0,0,0,0,0,0,0,0,0,0,0,0,0,0,0,0,0,0,0,0,0,0,0,0,0,0,0,0,0,0,0,0,0,0,0,0,0,0,0,0,0,0,0,0,0,0,0,0,0,0,0,0,0,0,0,0,0,0,0,0,0,0
485607,0,0,0,0,0,0,0,0,0,1,0,0,0,0,0,0,0,0,0,0,0,0,0,0,0,0,0,0,0,0,0,0,0,0,0,0,0,0,0,0,0,0,0,0,0,0,0,0,0,0,0,0,0,0,0,0,0,0,0,0,0,0,0,0,0,0,0,0,0,0,0,0,0,0,0,0,0,0,0,0,0,0,0,0,0,0,0,0,0,0,0,0,0,0,0,0,0,0
485618,0,0,0,0,0,0,0,0,0,0,0,0,0,0,0,0,0,0,0,0,0,0,0,0,0,0,0,0,0,0,0,0,0,0,0,0,0,0,0,0,0,0,0,0,0,0,0,0,0,0,0,0,0,0,0,0,0,0,0,0,0,0,0,0,0,0,0,0,0,0,0,0,0,0,0,0,0,0,0,0,0,0,0,0,0,0,0,0,0,0,0,0,0,0,0,0,0,0
485619,0,0,0,0,0,0,0,0,0,0,0,0,0,0,0,0,0,0,0,0,0,0,0,0,0,0,0,0,0,0,0,0,0,0,0,0,0,0,0,0,0,0,0,0,1,0,0,0,0,0,0,0,0,0,0,0,0,0,0,0,0,0,0,0,0,0,0,0,0,0,0,0,0,0,0,0,0,0,0,0,0,0,0,0,0,0,0,0,0,0,0,0,0,0,1,0,0,0
485621,0,0,0,0,0,0,0,0,0,0,0,0,0,0,0,0,0,0,0,0,0,0,0,0,0,0,0,0,0,0,0,0,0,0,0,0,0,0,0,0,0,0,0,0,0,0,0,0,0,0,0,0,0,0,0,0,0,0,0,0,0,0,0,1,0,0,0,0,0,0,0,0,0,0,0,0,0,0,0,0,0,0,0,0,0,0,0,0,0,0,0,0,0,0,0,0,0,0
485622,0,0,0,0,1,0,0,0,0,0,0,0,0,0,0,0,0,0,0,0,0,0,0,0,0,0,0,0,0,0,0,0,0,0,0,0,0,0,0,0,0,0,0,0,0,0,0,0,0,0,0,0,0,0,0,1,0,0,0,0,0,0,0,0,0,0,0,0,0,0,0,0,0,0,0,0,0,0,0,0,0,0,0,0,0,0,0,0,0,0,0,0,0,0,0,0,0,0
485623,0,0,0,0,0,0,0,0,0,0,0,0,0,0,0,0,0,0,0,0,0,0,0,0,0,0,0,0,0,0,0,0,0,0,0,0,0,0,0,0,0,0,0,0,0,0,0,0,0,0,0,0,0,0,0,3,0,0,0,0,0,0,0,1,0,0,0,0,0,0,0,1,0,0,0,0,0,0,1,0,0,0,0,0,0,0,0,0,0,0,1,0,0,0,0,0,0,0
485629,0,0,0,0,0,0,0,0,0,0,0,0,0,0,0,0,0,0,0,0,0,1,0,0,0,0,0,0,0,0,0,0,0,0,0,0,0,0,0,0,0,0,0,0,0,0,0,0,0,0,0,0,0,1,0,0,2,0,0,0,0,0,1,0,0,0,0,0,0,0,0,0,0,0,0,0,0,1,0,0,0,0,0,0,0,0,0,0,0,0,1,0,0,0,0,0,0,0
485630,0,0,0,0,0,0,0,0,0,0,0,0,0,0,0,0,0,0,0,0,0,0,0,0,0,0,0,0,0,0,0,0,0,0,0,0,0,0,0,0,0,0,0,0,0,0,0,0,0,0,0,0,0,0,0,0,0,0,0,0,0,0,0,1,0,0,0,0,0,0,0,0,0,0,0,0,0,0,0,0,0,0,0,0,0,0,0,0,0,0,0,0,0,0,0,0,0,0
485632,0,0,0,0,0,0,0,0,0,0,0,0,0,0,0,0,0,0,0,0,0,0,0,0,0,0,0,0,0,0,0,0,0,0,0,0,0,0,0,0,0,0,0,0,0,0,0,0,0,0,0,0,0,0,0,0,0,0,0,0,0,0,0,0,0,0,0,0,0,0,0,0,0,0,0,0,0,0,0,0,0,0,0,0,0,0,0,0,0,0,0,0,0,0,0,0,0,0
485633,0,0,0,0,0,0,0,0,0,0,0,0,0,0,0,0,0,0,0,0,0,0,0,0,0,0,0,0,0,0,0,0,0,0,0,0,0,0,0,0,0,0,0,0,0,0,0,0,0,0,0,0,0,0,0,0,0,0,0,0,0,0,0,0,0,0,0,0,0,0,0,0,0,0,0,0,0,0,0,0,0,0,0,0,0,0,0,0,0,0,0,0,0,0,0,0,0,0
485634,0,0,0,0,0,0,0,0,0,0,0,0,0,0,0,0,0,0,0,0,0,0,0,0,0,0,0,0,0,1,0,0,0,0,0,0,0,0,0,0,0,0,0,0,0,0,0,0,0,0,0,0,0,0,0,0,0,0,0,0,0,0,0,0,0,0,0,0,0,0,0,0,0,0,0,0,0,0,0,0,0,0,0,0,0,0,0,0,0,0,0,0,0,0,0,0,0,0
485635,0,0,0,0,0,0,0,0,0,0,0,0,0,0,0,0,0,0,0,0,0,0,0,0,0,0,0,0,0,0,0,0,0,0,0,0,0,0,0,0,0,0,0,0,0,0,0,0,0,0,0,0,0,0,0,0,0,0,0,0,0,0,0,0,0,0,0,0,0,0,0,0,0,0,0,0,0,0,0,0,0,0,0,0,0,0,0,0,0,0,0,0,0,0,0,0,0,0
485637,0,0,0,0,0,0,0,0,0,0,0,0,0,0,0,0,0,0,0,0,0,0,0,0,0,0,0,0,0,0,0,1,0,0,0,0,0,0,0,0,0,0,0,0,0,0,0,0,0,0,0,0,0,0,0,0,1,0,0,0,0,0,0,2,0,0,0,0,0,0,0,1,0,0,0,0,0,0,0,0,0,0,0,0,0,0,0,0,0,0,0,0,0,0,0,0,0,0
485641,0,0,0,0,1,0,0,0,0,1,0,0,0,0,0,0,0,0,0,0,0,0,0,0,0,0,0,0,0,0,0,0,0,0,0,0,0,0,0,0,0,0,0,0,0,0,0,0,0,0,0,0,0,0,0,0,0,0,0,0,0,0,0,0,0,0,0,0,0,0,0,1,0,0,0,0,0,0,1,0,0,0,0,0,0,0,0,1,0,0,1,0,0,0,1,0,0,0
485643,0,0,0,0,0,0,0,0,0,0,0,0,0,0,0,0,1,0,0,0,0,0,0,0,0,0,0,0,0,0,0,0,0,0,0,0,0,0,0,0,0,0,0,0,0,0,0,0,0,0,0,0,0,0,0,0,0,0,0,0,0,0,0,0,0,0,0,0,0,0,0,0,0,0,0,0,0,0,0,0,0,0,0,0,0,0,0,0,0,0,0,0,0,0,0,0,0,0
485645,0,0,0,0,0,1,0,0,0,0,0,0,0,0,0,0,0,0,0,0,0,0,0,0,0,0,0,0,0,0,0,0,0,0,0,0,0,0,0,0,0,0,0,0,0,0,0,0,0,0,0,0,0,0,0,0,0,0,0,0,0,0,0,0,0,0,0,0,0,0,0,0,0,0,0,0,0,0,0,0,0,0,0,0,0,0,0,0,0,0,0,0,0,0,0,0,0,0
485648,0,0,0,0,0,0,0,0,0,0,0,0,0,0,0,0,0,0,0,0,0,0,0,0,0,0,0,0,0,0,0,0,0,0,0,0,0,0,0,0,0,0,0,0,0,0,0,0,0,0,0,0,0,0,0,0,0,0,0,0,0,0,0,0,0,0,0,0,0,0,0,0,0,0,0,0,0,0,0,0,0,0,0,0,0,0,0,0,0,0,0,0,0,0,1,0,0,0
485650,0,0,0,0,1,0,0,0,0,0,0,0,0,0,0,0,0,0,0,0,0,0,0,0,0,0,0,0,0,0,0,0,0,0,0,0,0,0,0,0,0,0,0,0,0,0,0,0,0,0,0,0,0,0,0,0,0,0,0,0,0,0,0,1,0,0,0,0,0,0,0,0,0,0,0,0,0,0,0,0,0,0,0,0,0,0,0,0,0,0,0,0,0,0,0,0,0,0
485653,0,0,0,0,0,0,0,0,0,0,0,0,0,0,0,0,0,0,0,0,0,0,0,0,0,0,0,0,0,0,0,1,0,0,0,0,0,0,1,0,0,0,0,0,0,0,0,0,0,0,0,0,0,0,0,0,0,0,0,0,0,0,1,1,0,0,0,0,0,0,0,0,0,0,0,0,0,0,1,0,0,0,0,0,0,0,0,0,0,0,0,0,0,0,0,0,0,0
485658,0,0,0,0,0,0,0,0,0,0,0,0,0,0,0,0,0,0,0,0,0,0,0,0,0,0,0,1,0,0,0,0,0,0,0,0,0,0,0,0,0,0,0,0,0,0,0,0,0,0,0,0,0,0,0,0,1,0,0,0,0,0,0,0,0,0,0,0,0,0,0,0,0,0,0,0,0,0,0,0,1,0,1,0,0,0,0,0,0,0,0,0,0,0,0,0,0,0
485701,0,0,0,0,0,0,0,0,0,0,0,0,0,0,0,0,0,0,0,0,0,0,0,0,0,0,0,1,0,0,0,1,0,0,0,0,0,0,0,0,0,1,0,0,1,0,0,0,0,0,0,0,0,0,0,0,0,0,0,0,0,0,0,0,0,0,0,0,0,0,0,0,0,0,0,0,0,0,0,0,0,0,0,0,0,0,0,0,0,0,1,0,0,0,1,0,0,0
485704,0,0,0,0,0,0,0,0,0,0,0,0,0,0,0,0,0,0,0,0,0,1,0,0,0,0,0,1,0,1,1,0,0,0,0,0,0,0,0,0,0,0,0,0,1,0,0,0,0,0,0,0,0,0,0,0,0,1,0,0,0,0,0,1,0,0,0,0,0,0,0,0,0,0,0,0,0,1,1,0,0,0,1,0,0,0,0,1,0,0,2,0,0,0,1,0,0,0
485705,0,0,0,0,1,0,0,0,0,0,0,0,0,0,0,0,1,0,0,0,0,0,0,0,0,0,0,0,0,0,0,0,0,0,0,0,0,0,0,0,0,0,0,0,0,0,0,0,0,0,0,0,0,0,0,0,0,0,0,0,0,0,0,1,0,0,0,0,0,0,0,0,0,0,0,0,0,0,0,0,0,0,0,0,0,0,0,0,0,0,0,0,0,0,0,0,0,0
485706,0,0,0,0,0,0,0,0,0,0,0,0,0,0,0,0,0,0,0,0,0,1,0,0,0,0,0,0,0,0,0,0,0,0,0,0,0,0,0,0,0,0,0,0,0,0,0,0,0,0,0,0,0,0,0,2,0,0,0,0,0,0,1,2,0,1,0,0,0,0,0,0,0,0,0,0,0,0,0,0,1,0,1,0,0,0,0,1,0,0,0,0,0,0,0,0,0,0
485708,0,0,0,0,0,0,0,0,0,0,0,0,0,0,0,0,0,0,0,0,0,0,0,0,0,0,0,0,0,1,0,0,0,0,0,0,0,0,0,0,0,0,0,0,1,0,0,0,1,0,0,0,0,0,0,0,1,0,0,0,0,0,1,0,0,0,0,0,0,0,0,0,0,0,0,0,0,0,0,0,0,0,1,0,0,0,0,0,0,0,1,0,0,0,0,0,0,0
485710,0,0,0,1,1,1,0,0,0,1,1,0,0,0,0,0,0,0,0,0,0,0,0,0,0,0,0,0,0,0,0,0,0,0,0,0,0,0,1,0,0,0,0,0,0,0,0,0,0,0,0,0,0,0,0,0,0,0,0,0,0,0,0,0,0,0,0,0,0,0,0,0,0,0,0,0,0,0,0,0,0,0,0,0,0,0,0,0,0,0,0,0,0,0,0,0,0,0
485711,0,0,0,0,1,0,0,0,0,0,0,0,0,0,0,0,0,0,0,0,0,0,0,0,0,0,0,0,0,0,0,0,0,0,0,0,0,0,0,0,0,0,0,0,0,0,0,0,0,0,0,0,0,1,0,0,0,0,0,0,0,0,0,0,0,0,0,0,0,0,0,0,0,0,0,0,0,0,0,0,0,0,0,0,0,0,0,0,0,0,0,0,0,0,0,0,0,0
485712,1,0,0,1,2,1,0,0,0,0,0,0,0,0,0,0,0,0,0,0,0,0,0,0,0,0,0,0,0,0,0,0,0,0,0,0,0,0,0,0,0,0,0,0,0,0,0,0,0,0,0,0,0,0,0,2,1,0,0,0,0,0,1,0,1,1,0,0,0,0,0,0,0,0,0,0,0,0,0,0,0,0,0,0,0,0,0,0,0,0,0,0,0,0,0,0,0,0
485713,0,0,0,1,1,0,0,0,0,0,0,0,0,0,0,0,0,0,0,0,1,2,0,0,1,0,0,0,0,1,0,0,0,0,0,0,0,0,0,0,0,0,0,0,0,0,0,0,0,0,0,0,0,0,0,0,0,0,0,0,0,0,0,0,0,0,0,0,0,0,0,0,0,0,0,0,0,0,0,0,0,0,0,0,0,0,0,0,0,0,1,0,0,0,0,0,0,0
485714,0,0,0,1,1,0,0,0,0,0,0,0,0,0,0,0,0,0,0,0,0,1,0,0,0,0,0,0,0,0,0,0,0,0,0,0,0,0,0,0,0,0,0,0,0,0,0,0,0,0,0,0,0,0,0,0,0,0,0,0,0,0,0,0,1,0,0,0,0,0,0,0,0,0,0,0,0,0,0,0,0,0,0,0,0,0,0,0,0,0,0,0,0,0,0,0,0,0
485715,0,0,0,0,0,0,0,0,0,0,0,0,0,0,0,0,0,0,0,0,0,1,0,0,0,0,0,0,0,0,0,0,0,0,0,0,0,0,0,0,0,0,0,0,0,0,0,0,0,0,0,0,0,0,0,1,0,0,0,0,0,1,1,1,1,1,0,0,0,0,0,0,0,0,0,0,0,0,0,0,1,0,0,0,0,0,0,0,0,0,0,0,0,0,0,0,0,0
485716,1,0,0,0,1,1,0,0,0,1,0,0,0,0,0,0,1,0,0,0,0,0,0,0,0,0,0,0,0,1,1,1,0,0,0,0,0,0,0,0,0,1,0,0,0,0,0,0,0,0,0,0,0,0,0,2,0,0,0,0,0,0,1,1,0,0,0,0,0,0,0,1,0,0,0,0,0,0,0,0,0,0,0,0,0,0,0,0,0,0,0,0,0,0,0,0,0,0
485718,0,0,1,1,2,1,0,0,0,1,0,0,0,0,0,0,1,0,0,0,1,2,1,0,1,0,0,0,0,0,0,0,0,0,0,0,0,0,0,0,0,0,0,0,0,0,0,0,0,0,0,0,0,0,0,0,1,0,0,0,0,0,0,0,1,0,0,0,0,0,0,0,0,0,0,0,0,0,0,0,0,0,0,0,0,0,0,0,0,0,0,0,0,0,0,0,0,0
485719,0,0,0,1,1,1,0,0,0,1,1,0,0,0,0,0,0,0,0,0,0,0,0,0,0,0,0,0,0,1,0,0,0,0,0,0,0,0,0,0,0,0,0,0,0,0,0,0,0,0,0,0,0,1,0,2,0,0,0,0,0,1,1,1,1,1,0,0,0,0,0,0,0,0,0,0,0,0,0,0,1,0,1,0,0,0,0,0,0,0,0,0,0,0,0,0,0,0
485730,0,0,0,0,0,0,0,0,0,1,0,0,0,0,0,0,0,0,0,0,0,0,0,0,0,0,0,1,0,0,0,0,0,0,0,0,0,0,0,0,1,1,0,0,0,0,0,0,0,0,0,0,0,0,0,2,1,0,0,0,0,0,0,1,0,0,0,0,0,0,0,0,0,0,0,0,0,1,0,0,0,0,0,0,0,0,0,0,0,0,0,0,0,0,0,0,0,0
485735,0,0,0,0,1,0,0,0,0,0,0,0,0,0,0,0,0,0,0,0,0,0,0,0,0,0,0,0,0,1,0,0,0,0,0,0,0,0,0,0,0,0,0,0,0,0,0,0,0,0,0,0,0,0,0,1,0,0,0,0,0,1,1,3,1,1,0,0,0,0,0,0,0,0,0,0,0,0,0,0,0,0,0,0,0,0,0,0,0,0,1,0,0,0,0,0,0,0
485737,0,0,0,0,1,0,0,0,0,1,1,0,0,0,0,0,0,0,0,0,1,2,1,0,1,0,0,0,0,0,0,0,0,0,0,0,0,1,0,0,0,0,0,0,0,0,0,0,0,0,0,0,0,0,0,2,0,0,0,0,0,1,2,1,1,1,0,0,0,0,0,0,0,0,0,0,0,0,0,0,1,0,0,0,0,0,0,0,0,0,1,0,0,0,0,0,0,0
485739,0,0,0,0,1,0,0,0,0,0,0,0,0,0,0,0,0,0,0,0,0,0,0,0,0,0,0,0,0,0,0,0,0,0,0,0,0,0,0,0,0,0,0,0,0,0,0,0,0,0,0,0,0,1,0,0,1,0,0,0,0,0,0,0,0,0,0,0,0,0,0,0,0,0,0,0,0,0,1,0,0,0,0,0,0,0,0,0,0,0,1,0,0,0,1,0,0,0
485741,1,0,1,0,2,1,0,0,0,0,0,0,0,0,0,0,0,0,0,0,0,0,0,0,0,0,0,0,0,0,0,0,0,0,0,0,0,0,0,0,0,0,0,0,0,0,0,0,0,0,0,0,0,0,0,1,3,0,0,0,0,0,0,0,1,1,0,0,0,0,0,0,0,0,0,0,0,0,0,0,0,0,1,0,0,0,0,0,0,1,0,0,0,0,0,0,0,0
485742,1,0,1,1,2,1,0,0,0,2,0,0,0,0,0,0,0,0,0,0,0,0,0,0,0,0,0,0,0,0,0,0,0,0,0,0,0,0,0,0,0,0,0,0,1,0,0,0,0,0,0,1,0,0,0,2,1,0,0,0,0,0,0,0,0,0,0,0,0,0,0,0,0,0,0,0,0,0,0,0,1,0,0,0,0,0,0,1,0,0,1,0,0,0,1,0,0,0
485743,1,0,1,0,2,1,0,0,0,1,1,0,0,0,0,0,0,0,0,0,1,3,1,0,1,0,0,0,0,0,0,1,0,0,0,0,0,0,0,0,0,0,0,0,1,0,0,0,0,0,0,0,0,0,0,1,0,0,0,0,0,0,0,0,1,1,0,0,0,0,0,0,0,0,0,0,0,0,0,0,0,0,0,0,0,0,0,0,0,1,0,0,0,0,0,0,0,0
485745,1,0,0,1,1,1,0,0,0,0,0,0,0,1,0,0,0,0,0,0,1,1,0,0,1,0,0,0,0,1,0,0,0,0,0,0,0,0,0,0,0,1,0,0,0,0,0,0,0,0,0,0,0,1,0,1,0,0,0,0,0,0,0,1,0,0,0,0,0,0,0,1,0,0,0,0,0,1,0,0,0,0,0,0,0,0,0,0,0,1,1,0,0,0,1,0,0,0
485747,0,0,0,0,0,0,0,0,0,1,0,0,0,0,0,0,0,0,0,0,0,1,0,0,0,0,0,0,0,0,0,0,0,0,0,0,0,0,0,0,0,0,0,0,0,0,0,0,0,0,0,0,0,0,0,0,0,1,0,0,0,0,0,0,0,0,0,0,0,0,0,0,0,0,0,0,0,0,0,0,0,0,0,0,0,0,0,0,0,0,0,0,0,0,0,0,0,0
485749,1,0,0,0,1,0,0,0,0,1,1,0,0,0,0,0,0,0,0,0,0,0,0,0,0,0,0,0,0,0,0,0,0,0,0,0,0,0,0,0,0,0,0,0,0,0,0,0,0,0,0,0,0,0,0,0,0,0,0,0,0,0,0,0,1,1,0,0,0,0,0,0,0,0,0,0,0,0,0,0,1,0,0,0,0,0,0,0,0,0,0,0,0,0,1,0,0,0
485750,0,0,1,1,1,0,0,0,0,1,0,0,0,0,0,0,0,0,0,0,0,0,0,0,0,0,0,0,0,0,0,0,0,0,0,0,0,0,0,0,0,0,0,0,0,0,0,0,0,0,0,0,0,0,0,0,1,1,0,0,0,0,0,0,0,0,0,0,0,0,0,0,0,0,0,0,0,0,0,0,0,0,0,0,0,0,0,0,0,0,0,0,0,0,0,0,0,0
485755,0,0,0,0,1,0,0,0,0,1,0,0,0,0,0,0,0,0,0,0,0,1,0,0,0,0,0,0,0,1,0,0,0,0,0,0,0,0,0,0,0,0,0,0,0,0,0,0,1,0,0,0,0,1,0,0,1,0,0,0,0,0,0,0,0,0,0,0,0,0,0,0,0,0,0,0,0,0,0,0,0,0,0,0,0,0,0,0,0,0,0,0,0,0,0,0,0,0
485756,0,0,0,0,0,0,0,0,0,0,0,0,0,0,0,0,0,0,0,0,0,0,0,0,0,0,0,0,0,0,0,0,0,0,0,0,0,0,0,0,0,0,0,0,0,0,0,0,0,0,0,0,0,0,0,0,0,0,0,0,0,0,0,0,0,0,0,0,0,0,0,0,0,0,0,0,0,0,0,0,0,0,0,0,0,0,0,0,0,0,0,0,0,0,0,0,0,0
485757,0,0,0,0,0,0,0,0,0,0,0,0,0,0,0,0,0,0,0,0,0,0,0,0,0,0,0,0,0,1,1,0,0,0,0,0,0,0,1,0,0,0,0,0,0,0,0,0,0,0,0,0,0,0,0,0,0,0,0,0,0,0,1,0,1,1,0,0,0,0,0,0,0,0,0,0,0,0,0,0,0,0,0,0,0,0,0,0,0,0,0,0,0,0,0,0,0,0
485911,0,0,0,1,1,1,0,0,0,0,0,0,0,0,0,0,1,0,0,0,0,0,0,0,0,0,0,0,0,0,0,0,0,0,0,0,0,0,0,0,0,0,0,0,0,0,0,0,0,0,0,0,0,0,0,2,0,0,0,0,0,0,1,1,1,0,0,0,0,0,0,0,0,0,0,0,0,0,0,0,0,0,0,0,0,0,0,0,0,0,1,0,0,0,0,0,0,0
485924,0,0,0,0,0,0,0,0,0,1,0,0,0,0,0,0,0,0,0,0,0,0,0,0,0,0,0,1,0,0,0,0,0,0,0,0,0,0,0,0,0,0,0,0,0,0,0,0,0,0,0,0,0,0,0,0,0,0,0,0,0,0,0,0,0,0,0,0,0,0,0,0,0,0,0,0,0,0,0,0,0,0,0,0,0,0,0,0,0,0,0,0,0,0,0,0,0,0
485928,0,0,0,0,0,0,0,0,0,0,0,0,0,0,0,0,0,0,0,0,0,0,0,0,0,0,0,0,0,0,0,0,0,0,0,0,0,0,0,0,0,0,0,0,0,0,0,0,0,0,0,0,0,0,0,0,0,0,0,0,0,0,0,0,0,0,0,0,0,0,0,0,0,0,0,0,0,0,0,0,0,0,0,0,0,0,0,0,0,0,0,0,0,0,0,0,0,0
485929,0,0,0,0,0,0,0,0,0,1,0,0,0,0,0,0,0,0,0,0,0,0,0,0,0,0,0,0,0,0,0,0,0,0,0,0,0,0,0,0,0,0,0,0,0,0,0,0,0,0,0,0,0,0,0,0,0,0,0,0,0,0,0,0,0,0,0,0,0,0,0,0,0,0,0,0,0,0,0,0,0,0,0,0,0,0,0,0,0,0,0,0,0,0,0,0,0,0
485935,0,0,0,0,0,0,0,0,0,0,0,0,0,0,0,0,0,0,0,0,0,0,0,0,0,0,0,0,0,0,0,0,0,0,0,0,0,0,0,0,0,0,0,0,0,0,0,0,0,0,0,0,0,0,0,0,0,0,0,0,0,0,0,0,0,0,0,0,0,0,0,0,0,0,0,0,0,0,0,0,0,0,0,0,0,0,0,0,0,0,0,0,0,0,0,0,0,0
485936,0,0,0,0,0,0,0,0,0,0,0,0,0,0,0,0,0,0,0,0,0,0,0,0,0,0,0,0,0,0,0,0,0,0,0,0,0,0,0,0,0,0,0,0,0,0,0,0,0,0,0,0,0,0,0,0,0,0,0,0,0,0,0,0,0,0,0,0,0,0,0,0,0,0,0,0,0,0,0,0,0,0,1,0,0,0,0,0,0,0,0,0,0,0,0,0,0,0
485937,0,0,0,1,0,0,0,0,0,0,0,0,0,0,0,0,0,0,0,0,0,0,0,0,0,0,0,0,0,0,0,0,0,0,0,0,0,0,0,0,0,0,0,0,0,0,0,0,0,0,0,0,0,0,0,0,0,0,0,0,0,0,0,0,0,0,0,0,0,0,0,0,0,0,0,0,0,0,0,0,0,0,0,0,0,0,0,0,0,0,0,0,0,0,0,0,0,0
485938,0,0,0,0,0,0,0,0,0,0,0,0,0,0,0,0,0,0,0,0,0,0,0,0,0,0,0,0,0,0,0,0,0,0,0,0,0,0,0,0,0,0,0,0,0,0,0,0,0,0,0,0,0,0,0,0,0,0,0,0,0,0,0,0,0,0,0,0,0,0,0,0,0,0,0,0,0,0,0,0,0,0,0,0,0,0,0,0,0,0,0,0,0,0,0,0,0,0
485941,0,0,0,0,0,0,0,0,0,0,0,0,0,0,0,0,0,0,0,0,0,0,0,0,0,0,0,0,0,0,0,0,0,0,0,0,0,0,0,0,0,0,0,0,0,0,0,0,0,0,0,0,0,0,0,0,0,1,0,0,0,0,0,0,0,0,0,0,0,0,0,0,0,0,0,0,0,0,0,0,0,0,0,0,0,0,0,0,0,0,0,0,0,0,0,0,0,0
486001,0,0,0,0,1,1,0,0,0,0,0,0,0,0,0,0,0,0,0,0,0,0,0,0,0,0,0,0,0,0,0,0,0,0,0,0,0,0,1,0,0,0,0,0,0,0,0,0,0,0,0,0,0,0,0,1,0,1,0,0,0,0,1,0,0,0,0,0,0,0,0,0,0,0,0,0,0,0,0,0,0,0,0,0,0,0,0,0,0,0,0,0,0,0,0,0,0,0
486004,1,0,1,1,2,1,0,0,0,0,0,0,0,0,0,0,0,0,0,0,0,0,0,0,0,0,0,0,0,0,0,0,0,0,0,0,0,0,1,0,0,0,0,0,0,0,0,0,0,0,0,0,0,0,0,3,1,1,0,0,0,0,0,0,0,0,0,0,0,0,0,0,0,0,0,0,0,0,0,0,0,0,0,0,0,0,0,0,0,0,0,0,0,0,0,0,0,0
486024,0,0,0,1,1,0,0,0,0,0,0,0,0,0,0,0,0,0,0,0,0,0,0,0,0,0,0,0,0,0,0,0,0,0,0,0,0,0,0,0,0,0,0,0,0,0,0,0,0,0,0,0,0,0,0,0,0,0,0,0,0,0,0,0,0,0,0,0,0,0,0,0,0,0,0,0,0,0,0,0,0,0,0,0,0,0,0,0,0,0,0,0,0,0,0,0,0,0
486029,0,0,0,0,0,0,0,0,0,0,0,0,0,0,0,0,0,0,0,0,0,0,0,0,0,0,0,0,0,0,0,0,0,0,0,0,0,0,0,0,0,0,0,0,0,0,0,0,0,0,0,0,0,0,0,0,0,0,0,0,0,0,0,0,0,0,0,0,0,0,0,0,0,0,0,0,0,0,0,0,0,0,0,0,0,0,0,0,0,0,0,0,0,0,0,0,0,0
486032,0,0,0,0,0,0,0,0,0,0,0,0,0,0,0,0,0,0,0,0,0,0,0,0,0,0,0,0,0,0,0,0,0,0,0,0,0,0,0,0,0,0,0,0,0,0,0,0,0,0,0,0,0,0,0,0,0,0,0,0,0,0,1,0,1,0,0,0,0,0,0,0,0,0,0,0,0,0,0,0,0,0,0,0,0,0,0,0,0,0,0,0,0,0,0,0,0,0
486034,0,0,0,0,0,0,0,0,0,0,0,0,0,0,0,0,0,0,0,0,0,0,0,0,0,0,0,0,0,0,0,0,0,0,0,0,0,0,0,0,0,0,0,0,0,0,0,0,0,0,0,0,0,0,0,0,0,0,0,0,0,0,0,1,0,0,0,0,0,0,0,0,0,0,0,0,0,0,0,0,0,0,0,0,0,0,0,0,0,0,0,0,0,0,0,0,0,0
486053,0,0,0,0,0,0,0,0,0,0,0,0,0,0,0,0,0,0,0,0,0,0,0,0,0,0,0,0,0,0,0,0,0,0,0,0,0,0,0,0,0,0,0,0,0,0,0,0,0,0,0,0,0,0,0,0,0,0,0,0,0,0,0,0,0,0,0,0,0,0,0,0,0,0,0,0,0,0,0,0,0,0,0,0,0,0,0,0,0,0,0,0,0,0,1,0,0,0
486301,0,0,0,1,1,1,0,0,0,1,0,0,0,0,0,0,0,0,0,0,0,0,0,0,0,0,0,0,0,0,0,0,0,0,0,0,0,0,1,0,0,0,0,0,0,0,0,0,0,0,0,0,0,0,0,0,1,0,0,0,0,0,1,1,1,1,0,0,0,0,0,0,0,0,0,0,0,0,1,0,1,0,1,0,0,0,0,0,0,0,0,0,0,0,1,0,0,0
486303,1,0,1,2,4,2,0,0,0,2,0,0,0,0,0,0,0,0,1,1,0,0,0,0,0,0,0,0,0,1,1,0,0,0,0,0,0,0,0,0,0,0,0,0,0,0,0,0,0,0,0,0,0,0,0,1,2,0,0,0,0,0,0,0,0,0,0,0,0,0,0,0,0,0,0,0,0,0,1,0,0,0,0,0,0,0,1,0,0,0,1,0,0,0,1,0,0,0
486305,1,0,1,0,2,1,0,0,0,0,0,0,0,0,0,0,1,0,0,0,0,0,0,0,0,0,0,1,0,1,1,0,0,0,0,0,0,0,0,0,0,0,0,0,1,0,0,0,0,0,0,0,0,0,0,0,1,0,1,0,0,0,0,0,0,0,0,0,0,0,0,0,0,0,0,0,0,0,0,0,0,0,0,0,0,0,0,0,0,0,0,0,0,0,0,0,0,0
486314,1,0,1,0,2,3,0,0,0,2,1,0,0,0,0,0,0,0,0,0,0,0,0,0,0,0,0,0,0,0,0,1,0,0,0,0,0,0,0,0,0,0,0,0,0,0,0,0,0,0,0,0,0,0,0,1,0,2,0,0,0,1,2,1,1,1,0,0,0,0,0,0,0,0,0,0,0,0,1,0,0,0,0,0,0,0,0,0,0,0,0,0,0,0,0,0,0,0
486315,0,0,0,0,0,0,0,0,0,0,0,0,0,0,0,0,0,0,0,0,0,0,0,0,0,0,0,0,0,0,0,0,0,0,0,0,0,0,0,0,0,0,0,0,0,0,0,0,0,0,0,0,0,0,0,0,1,0,0,0,0,0,0,0,0,0,0,0,0,0,0,0,0,0,0,0,0,0,0,0,0,0,0,0,0,0,0,0,0,0,0,0,0,0,0,0,0,0
486322,1,0,0,1,1,0,0,0,0,2,1,0,0,0,0,0,1,0,0,0,0,0,0,0,0,0,0,0,0,1,1,0,0,0,0,0,0,0,0,0,0,0,0,0,0,0,0,0,0,0,0,0,0,0,0,0,1,0,0,0,0,0,1,1,0,0,0,0,0,0,0,0,0,0,0,0,0,0,0,0,0,0,0,0,0,0,0,0,0,0,0,0,0,0,0,0,0,0
486323,0,0,0,1,1,0,0,0,0,0,0,0,0,0,0,0,0,0,0,0,0,0,0,0,0,0,0,0,0,2,1,0,0,0,0,0,0,0,1,0,0,0,0,0,1,0,0,0,0,0,0,0,0,0,0,1,1,0,0,0,0,1,0,1,1,1,0,0,0,0,0,0,0,0,0,0,0,0,0,0,0,0,1,0,0,0,0,0,0,0,1,0,0,0,3,0,0,0
486325,0,0,0,0,0,0,0,0,0,0,0,0,0,0,0,0,0,0,0,0,0,0,0,0,0,0,0,0,0,0,0,0,0,0,0,0,0,0,0,0,0,0,0,0,0,0,0,0,0,0,0,0,0,0,0,0,1,0,0,0,0,0,1,1,1,0,0,0,0,0,0,0,0,0,0,0,0,0,0,0,0,0,0,0,0,0,0,0,0,0,0,0,0,0,0,0,0,0
486327,2,0,2,2,3,4,0,0,0,0,0,0,0,0,0,0,0,0,0,0,0,0,0,0,0,0,0,0,0,0,0,0,0,0,0,0,0,0,1,0,0,0,0,0,0,0,0,0,0,0,0,0,0,0,0,1,0,1,0,0,0,1,1,1,1,1,0,0,0,0,0,0,0,0,0,0,0,0,1,0,1,0,0,0,0,0,0,1,0,0,1,0,0,0,2,0,0,0
486332,0,0,0,0,0,0,0,0,0,0,0,0,0,0,0,0,0,0,0,0,0,0,0,0,0,0,0,0,0,0,0,0,0,0,0,0,0,0,0,0,0,0,0,0,0,0,0,0,0,0,0,0,0,0,0,0,0,0,0,0,0,0,0,0,0,0,0,0,0,0,0,0,0,0,0,0,0,0,0,0,0,0,0,0,0,0,0,0,0,0,0,0,0,0,0,0,0,0
486333,0,0,0,0,1,1,0,0,0,2,1,0,0,0,0,0,0,0,0,0,0,1,0,0,0,0,0,0,1,2,1,0,0,0,0,0,0,0,0,0,0,0,0,0,1,0,0,0,0,0,0,0,0,0,0,1,0,0,0,0,0,1,2,1,2,2,0,0,0,0,0,1,0,0,0,0,0,0,1,0,0,0,0,0,0,0,1,0,0,0,1,0,0,0,0,0,0,0
486335,1,0,0,0,0,0,0,0,0,0,0,0,0,0,0,0,0,0,0,0,0,0,0,0,0,0,0,0,0,0,0,0,0,0,0,0,0,0,0,0,0,0,0,0,0,0,0,0,0,0,0,0,0,0,0,0,0,0,0,0,0,0,0,0,1,1,0,0,0,0,0,0,0,0,0,0,0,0,0,0,0,0,0,0,0,0,0,0,0,0,0,0,0,0,0,0,0,0
486337,0,0,0,0,0,0,0,0,0,0,0,0,0,0,0,0,0,0,0,0,0,0,0,0,0,0,0,0,0,0,0,0,0,0,0,0,0,0,0,0,0,0,0,0,0,0,0,0,0,0,0,0,0,0,0,0,0,0,0,0,0,0,0,0,0,0,0,0,0,0,0,0,0,0,0,0,0,0,0,0,0,0,0,0,0,0,0,0,0,0,0,0,0,0,0,0,0,0
486343,0,0,0,0,0,0,0,0,0,0,0,0,0,0,0,0,0,0,0,0,0,0,0,0,0,0,0,0,0,0,0,0,0,0,0,0,0,0,0,0,0,0,0,0,0,0,0,0,0,0,0,0,0,0,0,0,0,0,0,0,0,0,0,0,0,0,0,0,0,0,0,0,0,0,0,0,0,0,0,0,0,0,0,0,0,0,0,0,0,0,0,0,0,0,0,0,0,0
486351,0,0,1,1,1,1,0,0,0,0,0,0,0,0,0,0,0,0,0,0,0,0,0,0,0,0,0,0,0,0,0,0,0,0,0,0,0,0,0,0,0,0,0,0,0,0,0,0,0,0,0,0,0,0,0,0,0,0,0,0,0,0,0,0,0,0,0,0,0,0,0,0,0,0,0,0,0,0,0,0,0,0,0,0,0,0,0,0,0,0,0,0,0,0,0,0,0,0
486401,0,0,0,0,0,0,0,0,0,0,0,0,0,0,0,0,0,0,0,0,0,0,0,0,0,0,0,0,0,0,0,0,0,0,0,0,0,0,0,0,0,0,0,0,0,0,0,0,0,0,0,0,0,0,0,0,0,0,0,0,0,0,0,0,0,0,0,0,0,0,0,0,0,0,0,0,0,0,0,0,0,0,0,0,0,0,0,0,0,0,0,0,0,0,0,0,0,0
486404,0,0,0,0,0,0,0,0,0,0,0,0,0,0,0,0,0,0,0,0,0,0,0,0,0,0,0,0,0,0,0,0,0,0,0,0,0,0,0,0,0,0,0,0,0,0,0,0,0,0,0,0,0,0,0,0,0,0,0,0,0,0,0,0,0,0,0,0,0,0,0,0,0,0,0,0,0,0,0,0,0,0,0,0,0,0,0,0,0,0,0,0,0,0,0,0,0,0
486409,0,0,0,0,0,0,0,0,0,0,0,0,0,0,0,0,0,0,0,0,0,0,0,0,0,0,0,0,0,0,0,0,0,0,0,0,0,0,0,0,0,0,0,0,0,0,0,0,0,0,0,0,0,0,0,0,0,0,0,0,0,0,0,0,0,0,0,0,0,0,0,0,0,0,0,0,0,0,0,0,0,0,0,0,0,0,0,0,0,0,0,0,0,0,0,0,0,0
486438,0,0,0,0,0,0,0,0,0,0,0,0,0,0,0,0,0,0,0,0,0,0,0,0,0,0,0,0,0,0,0,0,0,0,0,0,0,0,0,0,0,0,0,0,0,0,0,0,0,0,0,0,0,0,0,0,0,0,0,0,0,0,0,0,0,0,0,0,0,0,0,0,0,0,0,0,0,0,0,0,0,0,0,0,0,0,0,0,0,0,0,0,0,0,0,0,0,0
