ZCTA_GEOID10,11,13,15,17,19,21,23,25,27,29,31,33,35,37,39,41,43,45,47,49,51,53
,2.534852397,4.590629692,1,0.438637698,0.464768056,0.075763797,0.874517911,1.887887936,0.096594245,1.833583571,0.404837323,0.036348267,0.521651261,0.096899255,0.239927845,3,3,0.012473067,0.185667288,0.886705145,0.603760099,2.214495146
0485003,91.9238531,101.3428438,31,32.24163841,20.71707335,13.07016677,14.73330308,86.12217319,18.04128824,35.73878541,11.69425773,9.807660033,18.66347995,9.105098465,16.9034769,85,144,0.47389198,8.197578645,18.7723367,45.25288506,35.19820915
0485004,71.33136385,81.83295172,19,30.03611229,14.8487069,10.858411,11.83568443,60.96863109,16.1151808,20.42523074,6.356722332,10.17295791,22.72392774,12.42359387,18.49411918,92,134,0.40022299,5.547754431,13.95896936,24.2360112,22.43344815
0485006,131.4905525,128.627098,72,41.36389149,31.48835642,16.29220341,12.88234954,149.0114647,31.14775208,74.7918361,35.11692321,20.69633192,61.48835202,36.96557055,60.60288868,169,324,1.369054542,15.8703383,36.95232147,99.04272864,77.79998649
0485007,77.53012434,87.68535615,21,40.52943614,30.38586651,7.629661626,9.784519511,69.03026345,27.08469735,36.21947963,15.45231651,7.340074928,19.59124502,17.48370773,19.73695884,72,179,1.175141449,13.04984612,20.36160929,83.86396849,62.06572693
0485008,309.4080994,369.0369698,167,121.8340759,56.94432661,29.70105498,31.55493088,237.3224086,79.22159745,193.8386724,74.71543576,40.97653643,175.1489137,102.2071133,172.2969782,416,1029,3.098311866,33.44409401,101.6320437,177.4733089,214.1451283
0485009,63.76299151,73.12603962,59,16.87314759,14.78929397,10.4015253,6.110968878,106.3617396,17.33755844,60.51296944,24.15871709,16.23673514,59.36837091,69.91900769,43.95994255,157,463,6.863561566,44.80639247,86.28057431,377.7023198,241.4281441
0485012,117.0410933,143.3291116,34,37.33553915,27.08792167,9.611961402,19.62979505,117.6221273,24.57653918,50.45597225,13.77964512,12.76591126,12.38996248,9.00045154,13.37442015,105,184,0.495155151,5.463857701,13.48756928,16.95061502,17.60235131
0485013,241.9381096,275.6336466,76,103.2540383,71.63593365,32.10610409,36.42824378,269.1395831,53.11002808,108.9291167,40.07834831,26.75431282,37.87976848,29.65206495,38.11276653,217,523,1.462627457,18.54587018,39.59266987,57.58281541,64.16395214
0485014,288.0932258,322.013966,100,81.36381936,63.32348991,35.83338199,29.89280821,261.7151502,51.31269074,118.5437961,40.83990566,28.45146777,50.00625112,41.76548186,53.61004709,318,615,1.533996724,12.98828897,37.56593941,75.43483397,78.71145907
0485015,213.6386617,236.4526661,88,61.18625465,48.64250281,22.40402473,22.90867217,221.9771307,32.17124255,123.3108212,50.88485993,21.61884459,77.36109221,63.57732346,76.44322667,250,781,2.820885191,34.63358456,69.10368609,169.2439702,143.6205505
0485016,407.0581377,474.3098235,118,134.2356787,79.97937186,45.45681893,51.63203881,305.5562509,73.78494939,141.4957428,53.46515302,43.98693013,89.56306167,49.68261206,82.47604256,393,775,1.647211167,19.73114217,56.14904292,106.391863,101.3981286
0485017,78.22173532,97.79731868,52,19.64563084,14.41751408,8.91520344,6.980945995,103.3216994,16.93685509,84.66546299,35.56646652,24.7630972,72.1254115,72.49829506,70.64265899,182,494,3.451099874,43.31335281,77.64539451,205.4404318,193.6514259
0485018,394.2900937,459.055705,112,161.6577551,70.93562681,31.4372245,65.65420133,269.0240745,66.40661809,115.5974981,41.62992293,38.53870101,60.88397276,38.9533738,65.8886062,395,604,1.453433961,16.09631635,48.25176962,62.4079071,71.83719917
0485019,68.39748499,71.1223105,49,16.45153585,14.88309019,10.20192349,8.480204506,94.8703415,10.66537395,71.10071301,25.37553159,9.92773501,47.22456393,51.89976696,39.29919148,133,398,2.618966047,28.79311588,57.96404651,169.9377971,125.7863075
0485020,319.3825509,378.4688159,96,105.8553248,66.48189088,32.52951348,47.14863318,265.8486555,53.66278432,125.1447212,43.84504249,40.62183097,73.16752355,49.7219978,72.8427128,259,733,1.566739293,21.46425582,46.97151644,58.46295296,71.81253768
0485021,256.4544369,289.7066279,100,101.5463898,65.63231999,26.37261606,38.83893527,277.1391341,60.82129018,140.4786087,57.1180228,30.48824984,78.01864658,57.8538225,74.38472192,292,754,2.202320207,30.53488608,57.89305834,103.2919286,115.2239843
0485022,558.735405,648.7908114,221,191.7982426,76.52996982,55.76710729,54.47378365,506.1456346,96.67178754,218.2194326,75.1628534,55.08725815,125.2672968,54.94333087,96.35041715,548,1242,1.946237427,34.88867167,74.42822567,114.0495691,106.7439653
0485023,302.1483876,336.5354167,130,99.59323027,44.4239808,25.68223329,26.31619573,237.1531797,53.98278893,113.9450531,38.59114557,30.16458705,73.87827118,47.12334895,67.58553013,376,795,1.882463123,24.52979015,57.78732096,115.4206475,101.2564293
0485024,384.88913,430.3020616,155,104.9679233,48.29552913,38.55287264,34.80880844,307.7033966,73.73654759,133.1773771,43.05649896,48.74373078,65.69777511,34.88005954,50.06834887,327,689,0.953514795,21.34491888,38.48606127,63.65225221,47.68319331
0485027,347.0119141,450.9256468,253,151.2098566,49.42607717,29.27397617,30.06243914,303.3759403,76.36406619,159.3236709,51.06290098,53.35008351,102.0528317,65.01670176,82.56059642,464,1183,2.686836001,35.90697531,82.7886934,160.151085,142.4497085
0485028,273.4703168,292.6855865,104,116.8266239,58.2752829,22.41624146,32.8440967,208.7665936,49.89809316,74.57857112,23.49891952,32.81716493,38.18911432,20.52568924,39.73339504,177,393,0.741775724,9.241681092,28.70095096,26.29016397,37.49973901
0485029,278.071172,331.8000677,179,81.88058491,42.07488895,25.24350443,27.12876034,336.5182989,54.04452614,172.8840436,64.16128041,40.23819672,123.1342623,87.90284795,97.82041374,479,1072,4.21414155,49.15329566,103.6818164,210.5284951,203.5194034
0485031,49.8517437,57.93734646,38,15.62779689,11.93950735,6.073336315,4.210909838,63.78533565,8.432695761,73.96924247,28.1746676,13.14132804,47.38671947,58.60389381,31.46937046,135,507,3.974314077,34.7293554,76.789343,278.298766,191.6043277
0485032,673.0379473,744.6865815,267,226.3007916,103.0931628,54.1616146,61.27547115,567.3048936,141.6060457,259.4585787,96.24588956,70.53349184,199.6141332,99.73290248,153.6813986,761,1732,2.495308982,43.70510402,112.4997379,157.7372981,156.8296486
0485033,100.7988344,110.8970493,66,38.47574598,27.54314506,20.25709634,7.304116291,129.3610467,22.98110896,130.5544133,50.70395713,26.38185691,81.86961134,84.19166446,54.87201826,297,859,7.838592235,54.21888417,136.7660581,450.0946795,386.8901216
0485034,23.47879387,28.48210971,16,10.76593809,3.851272032,3.056628261,2.039096418,19.39061493,4.382789883,13.56125356,6.524324998,8.552756806,11.42129656,10.82646205,9.493124876,56,81,0.570816807,5.707801221,13.56039578,32.48845685,26.8460673
0485035,118.5509492,135.1914412,70,31.70529079,20.28017987,15.6165476,9.25760963,115.2722566,21.01452934,116.5857591,51.77191708,28.11119577,66.55262227,104.6669777,59.08970158,249,801,9.030060193,43.68272566,145.0413947,464.8284899,448.7503518
0485037,193.3937804,220.702742,119,59.8020844,34.1540229,26.01187566,16.90347763,261.3561395,31.0438927,167.2371223,67.16642977,29.63198483,69.4510582,90.0464015,58.14538977,349,1104,9.067898314,44.86764313,145.9358815,388.9594096,423.1227659
0485040,133.6822201,155.7144244,60,39.86068098,19.7571081,12.16048814,13.60335551,107.1322516,25.38221093,79.88620728,32.21033278,15.70726026,53.99795521,42.58811768,48.90550472,177,519,2.513591266,24.97331501,59.86224061,204.5583173,133.5044182
0485041,335.9690868,410.0179762,162,127.6431002,62.44701044,31.25135489,32.01293695,271.0085095,57.90988936,173.3210586,70.30735347,45.74013562,88.33065649,113.4237096,88.04093143,358,1306,6.832062808,62.14939429,148.1900899,406.4285196,335.9762238
0485042,237.4112853,257.7966053,160,109.2750521,44.33364807,17.88465989,21.79210933,127.200104,46.39129984,72.86864133,26.51896523,22.91523612,25.397466,28.88172762,27.21492745,181,570,1.850172993,20.08911517,49.15297194,106.0450934,80.98091888
0485043,136.2680661,165.8076311,82,41.94394613,28.19928378,20.59301994,11.92430277,156.0998054,21.8567701,113.8393437,36.96564422,28.3071747,48.74018703,77.18160654,45.45482508,199,714,6.68862945,35.4933236,103.3107633,288.6051041,312.720573
0485044,690.2789869,768.8585421,375,426.709582,119.9501449,45.76653107,69.86247101,511.2265493,134.3402731,204.9331966,82.61431859,71.00691968,108.7444828,92.2656712,91.70800198,751,1432,4.595869826,57.60261723,145.9783619,302.4779288,262.079551
0485045,119.3118384,130.3107173,47,75.13849365,11.71534703,8.020758013,12.37744428,85.57369067,17.14615932,13.9487722,5.052180598,9.405551312,8.185036834,6.780074878,6.814010371,103,116,0.280827608,3.650565876,8.356981905,18.77173609,19.15981364
0485048,585.5032484,639.2025226,211,410.0685222,84.62055079,43.24817419,54.29422893,377.9193846,102.3109271,118.5389474,39.12139665,50.83244124,39.55967448,32.9414205,39.77998145,441,696,1.389785662,18.75965354,48.37023842,101.8855802,79.65332164
0485050,435.4659899,503.8001699,124,109.0453882,43.59371276,33.14577403,41.73384019,315.062538,64.36089903,112.581486,35.93610563,35.79168797,43.84947507,23.29360222,35.63293331,319,550,0.652407111,7.41680734,29.50531252,42.78150508,44.35036573
0485051,199.5762448,229.2087713,108,62.01409991,46.06858466,25.31230896,18.21498384,260.8134494,30.91731543,163.6535369,64.0960811,30.87424162,108.1510802,72.69221673,84.09930186,339,914,4.063648216,40.66844758,94.01910329,205.2483558,210.3082284
0485053,205.8646072,252.7780386,139,83.37248648,35.06031344,22.04363287,23.35735422,221.8692937,36.56720008,129.6890293,46.02720739,29.08707346,59.40417908,61.34400751,49.8795842,328,804,2.639122895,29.83436937,76.13395464,119.7484445,118.3001011
0485054,86.31250816,89.82512705,18,28.70794565,13.42395984,1.767801185,8.862364789,30.55480339,15.8680945,29.01093594,7.958366998,4.677395428,4.654391269,3.10240515,5.37630579,91,72,0.061581264,1.320977594,3.787807883,4.019615575,5.707612535
0485083,283.8285041,345.1541936,89,118.3495187,31.50234153,24.49494453,30.01730231,242.7701947,53.14813973,93.69825913,25.99657381,31.73486073,24.16497313,15.51875092,18.14019393,150,376,0.48360813,8.932229026,26.43990436,34.85865321,27.76685435
0485085,339.1302324,447.1461766,112,127.4597943,39.87328312,19.26926882,37.72359096,216.3369464,61.66692259,98.11026981,26.76277159,27.39378483,26.23470491,20.79095881,22.89225369,275,441,0.631855514,14.75674604,35.76960885,48.41290513,39.63792566
0485086,449.4835664,557.0444915,169,159.9409481,64.13495039,36.19346341,48.47194208,350.9221734,72.92410151,132.2503059,39.54509192,49.88436318,59.39980177,37.12645411,52.80480045,362,776,1.359716938,19.08292598,55.8706555,51.62240588,64.93784159
0485087,57.53245253,67.59341613,34,25.26535603,13.38797838,5.675039851,5.874131341,69.89351595,13.34666559,26.56363204,6.997780414,12.4314442,8.694774338,8.44695668,5.743813204,83,140,0.517631239,8.187566614,13.55761038,15.14539549,22.1448396
0485118,39.26449596,36.24423871,30,20.12591151,3.751307342,3.499405236,3.491265336,32.42199316,5.122781152,21.15346352,6.998840407,3.078601603,3.454316039,3.941421069,4.393380036,44,119,0.091430656,2.291012683,8.361280678,22.87150083,12.44335408
0485119,83.96347496,76.81100729,87,49.52856405,8.960687275,5.231633888,6.225517756,40.23547919,11.51074867,34.74339909,15.4384421,10.53288692,13.62762971,19.92562359,12.1905291,110,261,0.584756801,10.49017308,33.79964602,83.03153847,49.16826204
0485120,78.96837961,71.72164015,57,29.04948842,9.48561335,6.116361779,4.309980232,83.97455421,14.46489823,50.46877105,27.00622569,13.90908401,20.8795627,25.26496623,24.64544056,123,394,0.811243797,13.04248384,40.41566676,109.8026192,59.66302023
0485122,45.67825558,49.82293938,43,29.54932019,5.726584372,3.617869836,3.498805043,24.46980938,7.724095442,26.67539137,9.0289989,2.912320787,4.27455077,7.964684738,5.021058956,42,148,0.609637595,9.579855981,20.96795272,46.35577712,30.52209184
0485123,6.304977671,9.185989817,5,4.101829484,1.425660563,0.375203674,0.509032512,0.61724189,0.472509954,1.526512698,0.383880897,0.007554436,1.0003195,0.473796859,0.089286905,6,11,0.147491557,1.583325722,2.004375553,10.020002,4.771008313
0485128,6.007234867,8.219538638,8,5.114327811,2.225928512,0.862932319,0.773226495,8.244766662,0.659743677,5.591764464,2.890254893,0.892301019,2.479948149,1.14936293,2.038032494,13,19,0.149740565,1.451592264,6.012274113,10.63149137,12.60553876
0485131,5.954099767,5.927907749,2,0.541948734,0.241728151,0,0.117992483,0,0.216323116,1.561565653,0.989253725,0,0.170880716,0.621995386,0.278299906,2,3,0.06756446,0.194787395,1.985356199,2.236671713,2.893624847
0485132,17.15841051,17.28928164,21,7.74576167,2.355220605,1.825632146,0.552307852,12.44926684,3.899017725,16.25819405,7.663342005,2.725101012,6.813662684,3.997946248,5.264801258,39,71,0.132053545,2.651667876,8.746483396,17.30030974,12.1715392
0485137,0.641418696,0.353772167,0,0,0,0.693579767,0.004809137,0.073929961,0,1.335109076,0.538579893,0.232490272,0.036114216,0.234630425,0.090196816,0,2,0.023864896,1.364106599,1.138056072,0.559819813,0.679522195
0485138,228.5924875,289.6808159,188,98.13070435,23.80558017,14.35036717,19.72669668,54.17336246,36.06371548,82.77697082,31.74117019,16.47627038,23.46581799,21.51555034,25.01604099,257,496,1.233724454,14.02692096,44.18420403,149.2963763,89.74322393
0485139,85.49148911,105.8199486,69,42.29731515,12.52076067,8.945952418,6.688562304,25.64727668,11.18192418,34.10127993,9.137465353,10.40677091,5.503733169,10.57409858,8.25752155,89,191,0.713389417,8.036620711,27.33949064,69.7525214,50.58387925
0485140,202.3811686,220.1403965,148,85.2500414,19.2698637,15.14439118,17.47843487,149.0476462,26.4800949,86.79810508,37.23595342,32.80796266,38.11591504,36.01527706,29.85002646,226,529,1.901306585,24.09743066,82.28667678,183.5102134,120.1890955
0485142,407.6994983,444.019839,257,278.625794,50.40363816,40.767496,37.28066275,410.8361827,49.97056787,156.2985936,65.08216934,66.39632135,57.99265474,58.15359691,53.62658228,437,918,2.096070129,32.97335848,109.0739289,211.2429175,151.4601281
0485143,148.0983516,156.5173258,91,65.93902018,18.51742849,9.219257793,8.384322558,81.6466292,20.54355134,75.39792155,36.19320672,16.13411301,24.25235911,27.84065233,24.15651262,217,478,1.174521045,16.05611333,58.03037564,130.1058938,101.7924439
0485145,0.468098547,0.528111181,0,0.030178326,0,0,0.003790272,0,0.969821674,0,0,0,0,0.03239212,0,0,0,0.046983898,0.076610172,0.144278606,1.804247659,0.895487546
0485147,0,0,0,0.438637698,0.464768056,0,0,0,0.096594245,0,0,0,0,0,0,0,2,0,0,0,0,0
0485172,1.92500997,1.88816154,0,0.023809524,0.023809524,0.037881898,0.18682849,0.943943968,0.952380952,0.491672627,0.143762133,0.018174134,0.082354143,0.070024355,0.282211096,0,0,0.008673577,0.110469925,0.540076403,2.141032434,1.129723305
0485173,1.512555125,1.449853251,1,1.917077176,0.023809524,0.037881898,0.037591624,0.943943968,0.0591133,1.003874808,0.632333612,0.018174134,0.169714476,1.022980661,0.194077103,3,13,0.09508825,0.967971568,2.068501413,4.324261623,2.521196485
0485193,2.046321636,1.926644603,0,0.941176471,0.029411765,0,0.027033761,0,0.029411765,1,0,0,0,0.008220348,0,3,2,0,0.009608199,0.649193979,0.099284723,0.233692751
0485194,4.931276849,4.799869285,6,6.727115968,2.896486969,0.853541574,0.268853866,1.887887936,1.376397063,2.433563809,0.691721535,0.258570489,0.466953208,0.454679592,0.407761447,3,7,0.043768419,0.986097677,2.43795014,4.211420366,2.866083806
0485201,266.2661017,292.4250283,189,123.4796609,49.07179574,36.60894922,26.30886999,306.87322,49.44854333,170.2921936,73.01082994,49.51783075,103.9549894,79.05643689,77.74198699,479,970,3.066969518,32.7473072,92.13817533,243.3895673,155.6015438
0485202,368.590851,374.3373186,227,178.3877412,52.40716292,31.576978,29.07183037,353.0990093,68.20509584,148.9300319,60.11376482,51.32401274,85.147391,61.37244353,70.80881225,497,1091,2.822785097,29.42402597,87.21124804,233.8802699,177.2892274
0485203,228.4514839,250.4184231,144,150.3576239,41.9917077,25.61670942,24.13009295,291.2188976,42.65066843,101.9209087,46.45031267,34.164393,49.09267206,60.89557405,48.53610659,350,706,1.773106649,22.34249247,71.93779085,140.9100654,119.1409705
0485204,303.6531244,343.5281587,244,126.0313844,42.10555156,35.43398714,24.81871694,415.7709855,42.86306405,177.580694,73.65455115,46.79502735,124.9277207,100.9919496,89.83703421,525,1216,4.592093068,43.69919974,131.5374737,302.7146939,267.4645901
0485205,306.6945367,319.2283813,181,179.2773598,41.41370532,32.22581973,27.07708208,349.3390585,37.30893488,113.004595,57.64279957,31.43512175,66.87300905,62.78470263,50.47959643,303,821,2.116953417,27.91689251,84.72007359,178.0495336,132.4118443
0485206,257.814214,264.5596778,153,126.2248606,38.05349314,25.9301579,22.62610824,283.3979113,31.72164631,110.4669464,49.6139747,32.67193083,50.80561685,47.93973522,48.11346209,341,738,1.300892253,16.89099001,68.39411393,167.121136,125.3531326
0485207,376.7900398,387.5363084,233,279.276266,51.48501466,34.9277545,34.67365187,405.4181363,56.23871933,141.1743228,62.44631988,40.65410918,60.75654833,61.37215606,55.62280899,333,916,1.830867367,34.61341295,99.47099977,220.6237366,132.0888272
0485208,173.6789603,188.4653233,142,78.23177142,21.31614854,15.98401084,14.85571637,197.9597831,19.45208004,94.78526065,46.54931634,22.05620601,49.70534854,44.50298184,40.96007447,254,638,1.438564098,18.09819196,66.54515236,142.889973,106.5251367
0485209,292.569763,313.7714009,160,150.8656917,32.91544749,30.64159315,18.65883611,354.8141571,43.21886079,107.6124687,49.60669725,31.54424975,45.27533592,38.44143413,38.50549817,327,794,1.502826846,21.54910206,59.2302878,143.1819574,103.0943918
0485210,208.5637357,247.565778,159,112.8704819,34.26653097,24.00718541,19.87048636,237.4811568,35.86298709,110.7328276,40.24645021,37.51165784,78.13013292,58.41522898,69.89058926,363,807,2.697903805,35.37743416,79.51309728,206.5300984,160.4662374
0485212,327.6761126,350.3685971,179,190.9221093,47.24110283,37.12207547,29.95529024,386.3269399,52.83678786,118.5554838,45.33119244,57.55098465,48.58299185,34.60611059,41.53033195,268,681,1.347266068,21.83874184,72.31059311,134.3356144,101.561674
0485213,285.5173396,315.7716074,165,206.3684803,46.51020923,32.29612791,29.71105294,339.9726879,47.12131048,86.86249546,33.48175166,30.73118419,48.20730299,37.31089148,48.44844988,241,610,1.485218967,16.04718864,52.85130522,106.8170816,77.48831407
0485215,187.2054243,188.1766161,80,175.2488342,27.12252006,16.09651144,17.61795963,171.9855312,31.62864572,50.73322103,16.0540344,21.91795737,23.34369302,17.83863963,17.86905155,131,364,0.705243741,13.74338396,28.44797501,68.65003964,45.61471802
0485224,640.1032475,683.5289224,409,470.3139624,95.49494731,62.72246854,48.36783008,516.3876911,131.1910903,203.2408385,85.54572578,66.88984035,109.8719751,80.88253725,76.34146063,670,1310,3.27316249,35.86038751,121.4694934,302.3520442,192.1623751
0485225,688.0683268,722.206162,444,403.6838269,91.81035531,48.31114472,53.72551119,502.4977211,122.5058178,234.9235791,95.88341757,80.19113415,101.8440387,88.67566467,85.34896464,722,1630,3.817657263,44.64973595,154.6207692,441.22045,283.0157229
0485226,589.738986,646.1687098,321,542.2559136,113.4126667,49.24622564,54.09230427,542.6297092,153.3314197,138.254781,51.43748954,52.12406514,62.91983456,48.55120853,46.38789485,482,995,1.894221488,22.93198022,84.70512022,217.1664254,134.7510442
0485233,486.9376576,558.7624659,267,356.3854377,72.52524992,44.0249255,46.29987643,499.7592796,84.08931235,146.2885489,49.86859212,56.21579486,71.42121037,48.14128254,58.42164856,457,930,1.950488713,20.53901833,79.09945721,169.1863981,133.0833551
0485234,528.8421258,596.5973425,261,374.307753,80.89844448,56.92631706,53.56053173,682.57193,95.79380248,176.7486979,74.22863323,61.50175289,77.15820113,51.03181067,59.86446771,476,1024,2.186898708,28.5626392,92.71853555,169.8687017,167.6314142
0485248,325.6310706,352.6998154,150,306.1451673,47.36242492,20.75911651,27.66911407,197.1210361,64.49240781,68.05663993,26.44067333,30.11984742,18.23441682,17.72065976,21.26826991,262,422,0.646555646,9.805259418,31.18677147,69.56176981,41.0789839
0485249,532.8959101,603.0383042,217,410.7989311,68.48886213,42.92159777,51.06578575,425.1340098,121.7122068,113.6571456,40.50921561,67.94439246,27.50052617,29.83552749,26.33311262,390,738,1.399378362,16.57415734,49.0442218,117.2177298,86.92898522
0485250,200.0464614,214.8241207,66,62.84791286,26.59725238,11.82026107,17.12941796,161.6333148,34.55483475,61.19174269,20.31699732,12.54642414,28.24126885,10.03532494,26.24999114,233,300,0.446656274,6.60264548,13.11077888,17.73100556,20.07358887
0485251,429.7964761,472.1386701,123,159.7518338,65.9713052,37.17968651,48.06485385,305.2038426,72.27686096,152.8194521,48.95588508,51.61647091,105.1710356,40.97182785,79.05362722,607,776,1.460087832,15.41502588,45.19960926,55.57778246,59.37566672
0485253,144.0205213,155.9203041,18,46.19052969,16.53913524,5.450834544,28.05917462,66.10428156,17.27033507,21.54524384,7.320249048,11.4448839,22.60577787,2.886198636,15.52872924,115,100,0.166630557,1.269396543,3.734325437,6.180002099,8.763446728
0485254,579.5459801,638.4199129,206,208.1357251,84.60417147,37.74171423,65.03410697,428.6342061,110.2601034,142.5181489,45.05931116,41.62407963,64.38094562,30.94355559,50.04159433,442,692,0.682407271,10.69170351,33.76847291,41.22458501,45.6892757
0485255,419.5278567,440.9384207,79,118.4280083,53.3214017,19.01080127,44.53372265,189.7161799,65.25058998,79.52249409,26.68973981,25.2730188,39.02189263,10.68505453,44.76587346,319,363,0.240105992,4.130783431,13.915046,15.11895853,16.91005151
0485256,8.595638311,5.076131645,4,1.686468785,0.706496207,0.340937085,0.328230044,8.495495713,0.607035008,4.886682954,1.203821369,0.163567202,3.154331293,0.777010919,2.755164385,14,20,0.017339247,0.229399612,1.770395018,3.298456304,1.907398901
0485257,283.9461871,305.7538891,153,143.4447762,49.03039332,27.99617122,24.29992374,222.9635632,62.52483047,95.69163163,41.40866116,30.04026562,61.74206926,46.64949589,56.15763795,394,582,1.492010734,16.17247893,49.68941113,67.79526657,69.20133675
0485258,256.475773,274.3562652,52,70.40057749,35.39274947,15.57387769,25.16796177,150.6318153,51.20667304,52.47584705,15.59789919,16.79430699,33.80407259,10.46347129,37.12218117,212,244,0.171402428,4.681020941,9.867269575,10.19057223,14.62626354
0485259,257.3911842,251.2340021,59,78.59419421,38.58793226,13.7148973,21.3748137,136.5453273,41.81787353,62.81587929,17.65603441,11.73977542,23.18517549,11.03477617,18.3429108,175,265,0.538025454,3.663826464,17.05945037,13.33168062,21.37224092
0485260,523.9859894,529.5016086,136,174.2509722,65.91347229,33.70802154,47.51240194,258.3146653,96.83555551,121.8570287,36.26841148,40.9773132,43.96093918,21.44950335,50.91362064,436,563,0.574934228,6.47546646,18.72750066,35.32156455,31.45103075
0485262,86.44547844,86.51099129,21,24.92501795,8.773772768,3.487627782,7.04353027,28.64199599,13.30120929,20.96796225,6.65653509,2.870376232,8.153680028,2.699297306,9.22182263,76,82,0.114123311,1.301958521,4.139062801,5.32430251,7.42125555
0485263,0.960545807,1.02816263,0,0,0,0,0.011291564,0,0,0,0,0,0,0,0,0,0,0,0,0,0,0
0485264,7.43533715,6.747902412,2,1.69725648,1.530833542,0.22729139,0.816760438,5.684497142,2.771909978,5.841460436,2.331775316,2.088211468,1.627712658,1.838937511,2.19905159,42,28,0.039411224,0.49995071,1.94170715,2.373413447,3.306579957
0485266,105.3754976,113.7107291,21,28.031942,9.967584557,4.854681831,12.91377332,53.5833278,13.00047344,15.91605964,3.859753639,8.561990367,7.986066289,5.364133953,6.238120428,73,89,0.022221381,1.716059551,2.339707898,3.367002241,4.190874976
0485268,194.2573754,193.1542947,89,84.7509909,33.40043161,13.99541182,17.58832999,99.1251997,31.84857749,59.81749888,30.09314707,11.87938848,15.24548826,11.31247876,14.8438658,136,330,0.410108808,5.807017413,14.0024744,21.47376112,20.9941595
0485281,395.9518161,447.1721553,226,258.9545247,154.2024438,30.63586634,38.87602867,414.8352515,190.8430315,132.8062474,45.98482885,46.52888219,134.0424707,59.91939404,96.16645311,584,1036,2.001327353,27.7281112,77.4047359,152.7421918,129.2042397
0485282,508.8003757,567.1172086,329,297.8289792,126.2036414,59.92352372,50.08241573,573.624988,155.9673794,179.7620912,54.07306881,62.45148825,114.0901151,63.36554762,89.07472484,586,1296,3.837506572,34.24597939,105.4668097,257.2139209,178.8702358
0485283,510.7882961,580.6980274,312,271.9084754,108.4954418,49.30245826,47.51367652,485.0161094,119.5960828,171.2733743,54.93438997,60.68143229,73.22065277,65.10752128,67.57158295,514,1177,2.988359786,35.98238145,102.7557667,234.368734,178.7972367
0485284,313.4959838,334.3278876,99,265.5283327,68.29468862,20.60381689,37.17612866,270.2579547,88.17697869,58.28025693,19.05626993,25.13822843,22.1587734,17.73443284,19.50469975,242,363,0.763902696,9.19152652,25.71596126,46.05970073,35.53447595
0485286,503.6886403,572.8885667,263,517.8152329,84.89192153,37.6052831,46.42279298,397.7359327,122.2928456,124.9886211,43.55431494,50.65878424,41.30433364,33.46628684,30.15273033,393,715,1.386498981,13.9982402,54.23951844,135.6791609,76.23029466
0485295,570.4918908,632.2974292,287,294.5661726,60.93555423,53.89921398,51.21067997,588.7237924,75.49827314,165.8175312,69.51517141,80.37699367,53.26807804,35.38587493,48.39921933,474,861,1.651507134,20.28318564,79.48387537,146.8889289,118.306628
0485296,497.8328108,562.4778246,279,324.1183215,81.04500526,58.18386212,44.68936462,575.4519011,100.8366732,166.985217,61.89315843,69.36423683,75.23942386,45.89504477,51.88220069,481,933,2.175942364,23.82100088,93.39011509,182.9920881,140.7258088
0485297,408.100184,456.1827194,204,241.4973543,45.10566843,37.89868467,39.71709668,386.2235367,69.39697723,131.58102,52.44453365,35.87777862,49.37069093,32.39827534,37.60375545,348,619,1.489788812,14.86253896,52.92144031,95.11622869,84.21172789
0485298,286.8896623,334.6092232,109,203.834196,34.57149351,23.97592306,30.50111448,274.0655132,41.59431049,90.55824539,36.85314918,33.95856376,23.27756775,27.06107247,25.31103768,237,428,1.113516505,9.215957041,36.45419017,68.3507145,57.80454931
0485301,152.9570462,156.2758031,97,49.57316269,33.52751561,24.89063237,15.76715073,225.0194438,29.89932171,177.8609204,84.66603985,39.08992388,101.7070692,115.331902,91.7659705,331,976,8.073532255,55.33483327,130.7341501,390.4633077,330.0622747
0485302,235.6093976,288.2553452,161,82.98665713,58.84431069,39.03146442,23.13525722,366.1844836,39.16903218,183.6866303,63.92351692,39.78405195,89.21016023,85.84813858,63.17969251,386,1055,5.218582905,39.31568148,104.7278737,185.6661825,228.2235408
0485303,137.0273828,173.6964172,89,52.00400781,30.91487521,21.84325061,18.2762,183.1303662,25.08111698,127.5108351,53.01667803,22.02638319,74.62842455,59.30142456,53.84406236,225,706,4.679310835,37.51546038,97.24858288,215.4191485,200.8360728
0485304,231.8865971,266.0775623,111,90.30029817,44.36175533,27.12840886,22.03584061,331.2262517,36.33794651,109.3141009,34.23203785,34.64533944,44.95960519,54.60876873,30.4942561,248,706,2.496547575,32.56051721,81.79978739,100.1771326,123.3572465
0485305,116.1568162,135.324648,66,37.95175117,21.32182977,14.80523566,12.51853578,191.4576714,13.72641906,63.50374,18.92026747,20.73709292,26.01774078,26.39364633,17.55825175,138,418,1.823287766,16.01104237,47.71247878,74.0271708,104.032374
0485306,194.7759685,223.3847217,101,64.31734889,29.2971629,29.7807017,16.8393098,270.0921806,36.38548821,112.7539322,34.22095175,26.12711774,39.41864956,39.57620207,30.60646652,224,665,2.028360908,25.50137813,61.58754106,81.76559857,93.54091926
0485307,55.58720442,61.14648053,34,19.28612792,10.67007985,6.491857056,8.266315045,63.22235807,7.04379223,52.17516413,13.91494891,9.285784875,15.45709765,18.09646137,13.45278931,89,232,1.58516214,19.08331558,34.32987383,49.03448055,65.87070653
0485308,901.5292293,1086.577593,416,426.6574627,121.2912676,89.90009359,93.89317798,1058.952766,146.0512697,376.9327465,112.8416088,110.1471404,148.0469909,100.4758208,116.1786538,842,2020,5.149139848,65.37148677,171.6300046,250.4029933,246.9705547
0485309,9.530230363,10.63417154,17,10.40353622,7.00496363,2.22081754,1.835598098,5.555423132,1.591500149,7.991131622,2.345195621,8.223759329,3.987764425,5.685055243,4.675908332,19,34,0.408378216,7.015759498,7.547570005,5.91485482,11.42838222
0485310,174.1119656,230.2847178,109,118.2447315,28.1063935,18.4393419,19.60331654,167.1047514,26.64887503,52.95650813,15.32552209,30.45590672,12.50070143,8.007421754,13.21726836,96,242,0.424028552,9.253654782,19.66951111,22.19382705,13.45155676
0485320,4.579621008,4.623464301,1,1.022488038,0.215364168,0.303055187,0.796914692,7.551551745,0.762147794,2.005151947,0.638080739,0.145393068,0.701004387,1.062767861,0.655762927,17,15,0.125325746,1.216242805,2.676723335,4.629901714,6.289038539
0485321,1.580464552,1.157104319,1,0.438637698,0.464768056,0.075763797,0.262431129,1.887887936,0.096594245,4.917581428,1.565702825,0.036348267,1.626372393,1.384911573,0.890343354,2,9,0.189905673,0.630143057,2.380384387,4.331531256,7.083124054
0485322,3.793631729,3.122241281,2,0.438637698,0.464768056,0.769343563,0.08412699,1.961817897,1.096594245,1.677628738,0.594146839,0.268838539,0.791556073,0.650284421,0.93666835,9,10,0.069017306,0.726172722,3.602995468,3.611421742,3.340108342
0485323,206.2753883,240.8976919,92,73.37697675,47.63339193,28.63736698,17.82691975,282.7800501,36.98963131,143.1084308,59.51168345,39.58258295,65.271156,82.18738978,62.10872977,314,945,10.96685227,46.73825711,145.1708373,348.7122126,443.2244509
0485324,11.93091833,10.62070247,9,5.052469936,3.377121755,0.597439923,1.448379201,11.56542286,2.570408309,11.13314693,3.484531494,1.837137222,5.12121049,3.248189295,2.261111087,19,86,0.360086837,1.681290421,6.067627194,13.59885354,17.04395272
0485325,0.260346216,0.487117552,0,0,0,0.113645695,0.252536232,2.831831904,0,1.004559407,0.632333612,0.054522401,1.168867736,0.14030686,0.194239245,2,3,0.014463782,0.312463768,0.333673609,0.910830903,0.288261078
0485326,218.1241333,216.7397468,185,112.2305374,69.5922204,17.836476,15.13611998,182.9034534,33.17724216,201.1567647,70.77814559,38.26007063,70.81111414,80.72119923,74.25397558,347,1091,10.27845276,45.81689234,166.9969382,285.3002482,514.8862692
0485331,370.5378873,395.8699002,98,109.9315396,37.08918267,25.38952328,32.59221243,319.3436732,43.97927777,86.38036279,24.12249989,32.26680353,36.68899477,22.30288311,32.80814255,256,493,0.737840834,14.60420436,20.83944219,24.88752752,32.62810198
0485333,5.177984525,4.455674457,0,0,0,0.375643013,0.366341018,4.895536861,0,2.680651824,2.006420503,1.728820126,1.683519482,2.266674262,1.62940819,4,11,0.200522381,0.283626021,3.547670878,4.638503224,10.06300323
0485335,152.2325936,183.2848876,72,40.35337125,29.8474727,21.07583637,14.48251881,177.6212323,21.79915605,199.5593015,103.9356026,25.30293135,72.17288873,52.27021097,71.3322072,273,812,3.990626532,33.22453092,77.60305988,130.1634576,178.7481141
0485337,4.07572048,2.725042044,2,2.811837376,0.946704033,0.22729139,0.199237476,5.663663809,0.241458591,2.755477073,0.869748932,0.109044801,0.734706246,1.240685709,1.640067749,14,9,0.018386534,0.134159621,0.610230148,2.8499023,3.146635687
0485338,384.0559061,402.4421524,194,170.069852,85.88101641,49.99466224,39.50194154,446.3217966,54.04913159,235.700365,86.07696259,87.68354116,75.51113574,100.2915999,77.71153663,374,1176,9.22523011,47.82732867,159.4103015,281.0007593,390.2447805
0485339,433.358354,513.2501772,190,150.979952,74.65791129,36.59689054,36.39146872,310.7392338,64.36213671,161.4623811,60.93809538,48.66387571,56.64540599,89.41169292,59.95411756,359,1078,4.476572497,39.15952335,123.7385338,290.7264214,257.4872561
0485340,281.3484662,305.3816389,146,107.1751887,45.85113824,36.17717475,28.26989492,373.3104322,33.97367304,138.1807609,48.6004155,46.51239304,42.03858805,39.05718066,43.18023559,233,616,3.039426369,24.79253954,87.90246172,116.8428822,135.3655095
0485342,6.35085015,5.952313149,1,1.703019256,1.155918101,1.123547592,0.696836701,5.711025108,2.141062643,3.432830689,1.202743145,0.1654273,4.637601894,2.943344333,1.726824272,19,20,0.24441302,0.748147502,4.328691621,4.06604888,9.669354643
0485343,0.583635346,1.260527622,0,0.910493827,0,0.037881898,0.155837032,0.943943968,0.089506173,1.804575209,0.42539866,0.018174134,0.452921548,0.033389503,0.317104583,8,7,0.01489458,0.916568586,0.893168762,1.01616808,1.125810489
0485345,397.4745224,453.596914,255,137.7976154,75.66669064,56.31246526,34.9285636,533.6725097,58.53569394,299.6116771,123.351087,68.01502502,129.1461535,125.3262047,109.8910824,540,1676,8.602477128,81.89231287,182.1461674,288.0487739,354.984064
0485346,2.256555572,1.674654288,0,0,0,0.189409492,0.06879014,4.719719841,0,1.456563323,0.965882634,0.090870668,0.274059208,0.747670522,1.303494836,2,12,0.159975277,0.030641173,1.214182317,2.370411429,2.477119282
0485347,0.604265403,0.392417062,0,0,0,0.113645695,0.003317536,2.831831904,0,0.777418231,0.18165978,0.054522401,0.034947976,0.324983669,0.005974013,1,1,0.016398463,0.044382532,0.132935915,0.962386563,0.518912858
0485350,0.480802865,1.213128043,0,0,0,0.075763797,0.306069092,1.887887936,0,0.226456578,0.450673832,0.036348267,0.1347665,0.01027146,0.18810309,2,1,0.002934703,0.011005136,0.24651504,0.090242113,0.639031548
0485351,65.40491148,62.8819837,38,17.51549131,13.74671401,9.782872077,4.713104814,53.77021169,5.737794682,41.92091859,20.87363304,7.446916237,15.55242073,21.6644845,17.65302764,90,281,0.40439252,6.848290421,22.39475421,29.13627449,41.55180386
0485353,198.4154861,253.2070199,85,61.0321797,42.91361427,21.86968655,17.37749402,166.921323,29.05420602,135.0634869,51.10307593,26.20899047,49.15736143,87.48057973,47.67607575,264,963,11.10175498,36.26396811,138.0306396,411.8002432,424.3228143
0485354,14.18063902,15.07595154,27,11.59590028,4.50040335,1.365984276,0.743409443,9.48680098,0.903696374,13.83904873,5.351128157,1.147214744,7.193023494,6.600457009,4.616799616,47,95,0.301154901,8.457087312,29.32858202,30.48587459,25.82684417
0485355,105.7311281,103.7403978,63,36.78331914,17.72574669,11.58639935,11.52847411,117.0219806,12.49093418,50.13463083,17.58893544,23.39162004,16.6680705,15.35345753,16.60836323,81,270,1.203637161,10.61716525,31.57476636,37.46148958,49.78948412
0485357,1.389620134,0.605570728,0,0,0,0,0.004809137,0,0,0.777418231,0.18165978,0,0.36828131,0.011390117,0.67264068,1,2,0,0.0144563,0.145786964,1.616007286,0.212359333
0485360,0.861875345,1.079782658,0,0,0,0,0.058341998,0,0,0.491672627,0.143762133,0,0.082354143,0,0.282211096,0,0,0,0,0,0,0
0485361,27.17313365,26.3695047,15,9.923675836,5.391193621,4.62035363,2.457361656,14.71293378,4.685130543,29.99181837,14.68754652,4.666712589,11.99040059,10.96125018,8.33023453,51,108,0.336057078,4.711622529,13.88376414,22.48891267,20.6183934
0485363,28.81232218,32.05388519,22,10.99826615,6.31764711,5.458350214,2.133792634,41.16685568,4.684086738,37.02236583,23.21473059,3.374794109,18.14427044,11.56135258,16.61863313,46,138,1.83872928,4.221087228,13.19247704,27.6954686,30.49088528
0485364,0.46692607,0.516212711,0,0.830696203,0.142405063,0,0.016861219,0,0.026898734,0.491672627,0.143762133,0,0.082354143,0.027935483,0.282211096,1,4,0.049918601,0.012086607,0.293739265,0.216053216,1.400266828
0485365,0.260346216,0.487117552,0,0.877275396,0.929536113,0.308757827,0.252536232,2.964720552,0.193188491,1.973289202,0.665041523,1.726521622,0.701004387,0.087383821,0.660664888,2,5,0.056651511,0.012004585,0.216058217,1.378491691,2.249410175
0485367,0,0,0,0,0,0.037881898,0,0.943943968,0,1.544084897,0.205469304,0.018174134,0.225424167,0,0.025021632,2,0,0,0,0,0,0
0485373,74.90218954,86.82277702,51,24.16834968,11.49683355,12.2773086,7.275033432,111.0527654,11.33481678,51.99935141,16.93204082,18.66992605,18.85000843,15.18365417,15.21859934,99,251,0.654094774,6.538418094,22.75330952,29.68464724,36.1858762
0485374,257.298998,299.2359882,117,69.97198394,42.89536086,35.18468422,24.46501376,302.8524603,30.13265519,211.6280521,93.8653922,54.96285546,81.37539158,48.19792545,65.1311641,451,995,2.900169923,24.47561272,71.72054405,98.97273789,151.73301
0485375,35.82997687,35.32198631,20,11.03954235,5.988458809,5.650878546,2.848036815,34.03616787,4.971998844,29.76010251,11.92469689,6.312953585,8.640728679,8.746693748,10.67447192,74,174,0.281784924,2.319289664,8.061957956,10.26743248,15.32284123
0485377,24.63504344,27.24322786,4,10.7625346,4.128827865,1.272246914,2.121728697,14.2900051,6.108637539,6.532976258,2.378422545,2.437747982,2.295975126,1.736678495,2.792626071,25,30,0.008409414,0.119679442,1.162705239,0.187500312,1.785027098
0485379,364.7759322,425.6477516,143,99.61860625,64.84451926,45.72891424,39.57631613,481.1912004,56.53687449,225.9671961,86.1376369,70.07988535,62.89311835,55.40698868,56.00204867,409,1081,3.923924836,33.38361518,101.2204388,120.6561268,158.4089058
0485381,272.8743709,325.4890661,136,115.7870231,48.9815845,33.76032216,26.63656296,439.8604297,38.23139245,148.5087218,51.75365635,45.37924817,42.24582108,44.04424522,34.49180076,265,721,2.168687589,29.48326724,77.07167542,104.0380026,116.1941219
0485382,428.2633881,530.017916,194,146.6194116,51.88083816,54.91287582,46.7186959,615.3257253,61.49975022,205.1090506,62.70450997,81.76139884,62.28718927,50.28660862,54.89925013,395,1057,2.951524835,32.50550123,75.40848786,111.2078496,136.6400278
0485383,626.6239901,769.9523467,228,234.0063389,74.85946698,55.30368973,72.42366315,589.0929866,87.13419412,232.6535783,67.12831998,95.6033237,72.39038487,40.36651139,57.82771688,421,913,2.317080747,28.53360602,86.56983332,88.66553023,96.54743829
0485387,49.98779223,59.87924718,32,16.14466453,4.634676903,5.277211857,5.132960586,57.62606336,6.220658569,36.3095803,14.68901029,14.09672478,14.102416,8.392962421,9.898993405,89,188,0.524341615,5.604663917,15.06909244,19.79950334,26.60943627
0485388,241.3779115,282.9050751,110,76.62883854,38.84190395,31.15838344,26.71701344,311.7641588,28.52925751,134.5140912,51.29255157,59.07745772,44.57475132,41.54568051,34.61860592,254,767,2.76271757,22.50076224,64.54079163,79.2234195,119.4266285
0485390,9.012325792,9.456531386,12,6.064603372,2.439203013,0.591902275,0.531142823,1.171863048,1.496193615,13.59380802,4.613480865,3.236234677,3.653744273,2.158911529,5.138966838,17,35,0.066694734,2.060264081,6.135251921,4.258065128,3.320812607
0485392,339.5118993,361.2650599,175,122.1288096,71.61702581,37.45002749,30.22304073,479.0860296,42.25416458,198.8068535,73.66764174,44.46394289,65.50411492,77.41615819,60.02138983,296,1062,7.06704369,44.20555367,142.8321745,233.7212723,330.7577977
0485395,302.9559677,304.9704306,126,107.8491971,61.84976802,30.24796654,31.07360162,301.9487528,34.30103485,121.5782907,41.94638434,43.80328067,33.45109258,34.01840509,29.02423235,193,526,2.832760076,21.34347123,66.95220081,77.15661761,119.6965452
0485396,91.27649301,95.3192775,42,57.64001343,16.61689802,14.74899848,9.40422949,111.0843874,10.74308855,50.48731048,17.97715184,18.16661415,13.23181956,14.91542346,16.30371812,74,216,1.2938918,15.56207749,51.91614502,59.76702382,57.54543842
0485501,0.688311688,0.31038961,3,1.970971047,0.706496207,0,0.001298701,0,0.322532746,0.784147423,0.807593945,0,0.13593274,0.17837982,0.272325893,1,4,0.015300414,0.431761383,1.754789251,2.034123606,1.585645525
0485536,0,0,0,0,0,0,0,0,0,0,0,0,0,0.012680625,0,0,0,0,0.007372457,0.217929814,0.049542908,0.712474196
0485541,3.043309808,4.197612628,12,4.089503829,1.085625387,2.006942352,0.759077564,1.331043914,1.824870784,3.300391947,0.571940124,0.662013734,0.104843929,0.125289868,0.022824,4,11,0.010292512,0.434209912,2.28241411,1.991284453,1.156509145
0485545,0.926852592,1.063154545,1,0,0,0.96382055,0.009992862,0.026049204,0,0.784147423,0.807593945,0.010130246,0.13593274,0.530529929,0.272325893,2,3,0.003265387,0.750960194,0.332497156,0.035438667,0.347308667
0485546,0.272234118,0.717773019,0,0,0,0,0.009992862,0,0,0,0,0,0,0.002472188,0,1,1,0,0.46538937,0.13473424,0.121137206,0.276266996
0485553,0,0,1,0.990384615,0,0.037881898,0,0.943943968,0.009615385,0.226456578,0.450673832,0.018174134,0.468099833,0.538245856,0.854769757,0,1,0.050249285,0.045510523,0.209306156,0.142434891,1.014253289
0485601,0,0,0,0,0,0,0,0,0,0,0,0,0,0.032773367,0,0,0,0.047977934,0.002075507,0.092154642,0.17988665,1.6451319
0485602,0,0,0,0.438637698,0.464768056,0,0,0,0.096594245,0.226456578,0.450673832,0,0.1347665,0.007364048,0.18810309,0,1,0,0.03776435,0.04852719,0.839218278,0.067126133
0485603,0,0,0,0,0,0,0,0,0,1.000684598,0,0,0.99915326,0.027481121,0.000162142,1,0,0.01489458,0.114446407,0.593732523,1.006042907,0.243402462
0485606,0,0,0,0,0,0,0,0,0,0,0,0,0,0,0,0,1,0,0,0,0,0
0485607,0,0,0,0.958538588,0.011904762,0,0,0,0.02955665,0,0,0,0,0,0,0,0,0,0,0,0,0
0485618,0,0,0,0,0,0.037881898,0,0.943943968,0,0.491672627,0.143762133,0.018174134,0.082354143,0,0.282211096,0,1,0,0,0,0,0
0485619,0,0,0,0,0,0,0,0,0,0.27874711,0.041517763,0,0.451755308,0.873728892,0.227979819,0,1,0.00486618,0.015815085,0.257986819,0.104437894,0.743165131
0485621,0,0,0,0,0,0.037881898,0,0.943943968,0,0,0,0.018174134,0,0,0,0,1,0,0,0,0,0
0485622,0.220456649,0.726010491,0,0,0,0.037881898,0.05353286,0.943943968,0,0,0,0.018174134,0,0.30730647,0,1,1,0.001880956,0.040795854,0.058811236,0.285529176,0.305676308
0485623,0,0,0,0,0,0,0,0,0,0.001277139,0.005747126,0,0.531289911,0.517784875,0.461685824,3,2,0.06144768,1.080170118,0.804466399,0.236257275,1.299873654
0485629,0.565556712,0.424037461,0,0,0,0.075763797,0.010405827,1.887887936,0,0,0,0.036348267,0.333333333,0.017837789,0.666666667,2,2,0.000606376,0.001559252,0.726273348,0.013558263,1.240164974
0485630,0.311401228,0.542754603,0,0,0,0,0.145844169,0,0,0,0,0,0,0.30730647,0,0,1,0.001880956,0.040795854,0.058811236,0.285529176,0.305676308
0485632,0,0,0,0,0,0,0,0,0,0.226456578,0.450673832,0,0.1347665,0.017664023,0.18810309,0,0,0.046983898,0.001081471,0.047224225,0.125811103,0.76123528
0485633,0,0,0,0.438637698,0.464768056,0,0,0,0.096594245,0.491672627,0.143762133,0,0.082354143,0,0.282211096,0,0,0,0,0,0,0
0485634,0,0,0,0,0,0,0,0,0,0.777418231,0.18165978,0,0.034947976,0.017677199,0.005974013,0,0,0.014517506,0.003586678,0.07412468,0.676857387,0.21323655
0485635,0,0,0,0,0,0,0,0,0,0,0,0,0,0.135994826,0,0,0,0.014463782,0.274635466,0.243120884,0.101834431,0.229950611
0485637,0,0,0,0,0,0,0,0,0,1,0,0,0,0.026829126,0,1,2,0.046623794,0.714569727,0.297424871,0.522030313,0.392522169
0485641,0.908768337,1.036400101,0,0.976023392,0.005263158,0,0.054831562,0,0.01871345,0,0,0,0,0.694639743,0,0,1,0.004815659,1.659414232,1.000039557,1.288168616,1.352922191
0485643,0.688311688,0.31038961,0,0.438637698,0.464768056,0.777777778,0.001298701,0,0.096594245,0,0,0.222222222,0,0,0,0,0,0,0,0,0,0
0485645,0.272234118,0.717773019,0,0,0,0,0.009992862,0,0,0,0,0,0,0,0,0,0,0,0,0,0,0
0485648,0,0,0,0,0,0,0,0,0,0,0,0,0,0.219227675,0,0,0,0,0,0.040225261,0.072807723,0.66773934
0485650,0.220456649,0.726010491,1,0,0,0,0.05353286,0,0,0,0,0,0,0,0,0,1,0,0,0,0,0
0485653,0,0,0,0.541948734,0.241728151,0,0,0,0.216323116,1,0,1,0,0.321882952,0,0,2,0.001272265,0.029262087,0.619380831,0.005513147,0.022688719
0485658,0.421455939,0.563218391,2,0.115384615,0.153846154,0,0.01532567,0,0.730769231,0.557690845,0.356920113,0,0.00116624,0.385934187,0.084222803,1,0,0,0.039583635,0.279951462,1.861387794,0.433142922
0485701,0,0,0,0.030178326,0,0,0,0,0.969821674,1.000684598,0,0,0.99915326,1.145466234,0.000162142,0,1,0.009962002,0.137025895,0.526219443,0.677924252,1.503402174
0485704,0,0,0,0.058823529,0.141176471,0.075763797,0,1.887887936,0.8,1.496824574,0.781842872,0.036348267,0.78335853,0.787732281,0.937974023,1,2,0.014676332,0.261609879,1.775660358,2.321372654,2.838948495
0485705,0.779499775,1.070865784,0,0,0,0.96382055,0.149634441,0.026049204,0,0,0,0.010130246,0,0,0,0,2,0,0,0,0,0
0485706,0,0,0,0.597519729,0.195039459,0.075763797,0,1.887887936,0.207440812,0.27874711,0.041517763,0.036348267,0.451755308,0.239916502,0.227979819,2,4,0.023864896,0.451127177,0.758189043,3.757890855,0.769011527
0485708,0.641418696,0.353772167,0,0,0,0.037881898,0.004809137,0.943943968,0,0.779972509,0.193154033,0.018174134,1.097527798,0.983385151,0.929345661,1,2,0.017729169,0.356828868,0.522306395,1.099169552,1.020580865
0485710,1.83108232,1.858039451,1,1.913432824,1.589343628,0.037881898,0.310878229,0.943943968,0.497223548,0,0,1.018174134,0,0.008220348,0,0,1,0,0.009608199,0.649193979,0.099284723,0.233692751
0485711,0.531857877,1.268765094,1,0,0,0,0.19937703,0,0,0.236842105,0,0,0.078947368,0,0.684210526,1,1,0,0,0,0,0
0485712,2.003153892,2.42740984,1,0.438637698,0.464768056,0,0.569436268,0,0.096594245,0.27874711,0.041517763,0,0.451755308,0,0.227979819,3,3,0,0,0,0,0
0485713,0.89915629,1.04222509,0,0.438637698,0.464768056,0.151527593,0.05861862,3.775775872,0.096594245,1.745555486,0.208620564,0.072696534,0.034947976,0.538245856,0.010875974,0,0,0.050249285,0.045510523,0.209306156,0.142434891,1.014253289
0485714,2.008430025,0.980376377,0,0,0,0.075763797,0.011193599,1.887887936,0,0.415536375,0.265104809,0.036348267,0.175092478,0.01027146,0.144266338,0,2,0.002934703,0.011005136,0.24651504,0.090242113,0.639031548
0485715,0.718301062,0.276702061,0,0,0,0.075763797,0.004996877,1.887887936,0,0.001277139,0.005747126,0.036348267,0.531289911,0.642226418,0.461685824,1,4,0.00516395,0.055090515,0.217950442,1.272883377,0.806685296
0485716,1.352315899,1.619621725,0,0.958538588,0.011904762,0.731461665,0.028062376,1.017873929,0.02955665,2.876822705,0.463412686,0.250664406,1.465129951,0.017161212,0.194634659,2,3,0.019672131,0.766531142,0.227792274,0.657831272,0.311011969
0485718,2.029946859,2.416952539,0,0.976023392,0.005263158,0.687112401,0.553100602,5.032889825,0.01871345,0,0,0.279997773,0,0.049291305,0,1,2,0.008673577,0,0.011846837,0.489739793,0.440448487
0485719,1.470903733,2.072097245,0,1.93456198,0.01716792,0.037881898,0.456999021,0.943943968,0.048270101,1.071206553,0.856358085,0.018174134,0.772470656,0.010520804,1.299964706,3,5,0,0.043649024,0.168550396,1.589943309,0.187336466
0485730,0.710743802,0.285123967,5,0.99183081,0.711743584,0.184673459,0.004132231,0.075973026,1.296425607,0.395074584,0.056087606,0.739353515,1.319007852,0.151493737,0.229829958,3,2,0.014463782,0.274635466,0.909189797,0.113746817,0.536470401
0485735,0.220456649,0.726010491,1,0,0,0.037881898,0.05353286,0.943943968,0,0.777418231,0.18165978,0.018174134,0.034947976,0.529196376,0.005974013,1,6,0.003265387,0.050249774,0.289531621,0.797570625,1.330186216
0485737,0.908768337,1.036400101,1,2.042436055,0.495361064,0.151527593,0.054831562,3.909109206,0.462202881,0,0,0.939363201,0,0.084536982,0,2,6,0.009401114,0.169847278,0.3313778,1.179071591,1.225765235
0485739,0.220456649,0.726010491,1,0,0,0.037881898,0.05353286,0.943943968,0,0,0,0.018174134,0.333333333,0.546972626,0.666666667,1,1,0.026799599,0.484680603,0.862901528,1.486577213,1.592068431
0485741,2.278545188,2.583690957,2,0.438637698,0.464768056,0,0.137763854,0,0.096594245,0.506480826,0.497938722,0,1.117811718,0.025797963,0.877768733,4,2,0.014517506,0.041351029,0.276265188,1.517589097,1.124479217
0485742,2.835562648,2.753390648,2,1.931578947,0.005263158,0.037881898,0.411046704,0.943943968,0.063157895,0.15,0,0.018174134,0.05,0.894388687,0.8,3,1,0.013682929,0.615871618,0.773526343,2.236630738,1.465899685
0485743,1.822813976,2.930697244,0,1.913432824,1.589343628,0.22729139,0.246488779,5.663663809,0.497223548,1.226456578,0.450673832,0.109044801,0.1347665,1.266005932,0.18810309,1,2,0.008131567,0.060244137,0.565328232,0.542821054,1.557469078
0485745,1.857426242,1.833907264,0,0.550877305,1.112263865,0.113645695,0.308666495,3.431831904,0.33685883,1.33491245,0.264695307,0.454522401,1.271791926,0.060748776,1.128600318,1,1,0.093607692,0.715651198,1.164331327,0.661267234,2.304393773
0485747,0,0,0,1.625907009,0.020325815,0.075763797,0,1.887887936,0.353767177,0,0,0.036348267,0,0,0,1,0,0,0,0,0,0
0485749,0.875075123,1.071392017,0,1.93456198,0.01716792,0,0.05353286,0,0.048270101,0,0,0,0,0.329692952,0,0,2,0.002874992,0.043609174,0.176209816,1.214680526,1.23293254
0485750,2.068850752,1.857592286,0,1.397176286,0.476672818,0.232724305,0.073556962,1.250534226,0.126150896,0.226456578,0.450673832,0.516741469,0.1347665,0,0.18810309,3,2,0,0,0,0,0
0485755,0.220456649,0.726010491,0,0.976023392,0.005263158,0.075763797,0.05353286,1.887887936,0.01871345,0.794042272,0.196152534,0.036348267,0.404513194,0.008921219,1.605292001,1,0,0.00013725,0.013450453,0.272440296,0.167993412,0.53705737
0485756,0.583305171,0.410949645,0,0,0,0,0.005745184,0,0,0,0,0,0,0.00620877,0,0,0,0,0.005820722,0.077997672,0.780946837,0.129025999
0485757,0.260346216,0.487117552,0,0,0,0.037881898,0.252536232,0.943943968,0,1.384200337,0.191039289,1.018174134,0.383432825,0,0.041327548,0,3,0,0,0,0,0
0485911,1.648857495,1.33855224,2,0.438637698,0.464768056,0.777777778,0.012590265,0,0.096594245,0,0,0.222222222,0,0.002405774,0,3,3,0,0,0.049452018,0,0.948142208
0485924,0,0,0,0.691177945,0.032230576,0,0,0,1.276591479,0,0,0,0,0,0,0,0,0,0,0,0,0
0485928,0,0,0,0,0,0,0,0,0,0.491672627,0.143762133,0,0.082354143,0,0.282211096,0,0,0,0,0,0,0
0485929,0.311401228,0.542754603,1,1.573543121,0.200302617,0,0.145844169,0,0.226154262,0,0,0,0,0,0,0,0,0,0,0,0,0
0485935,0,0,0,0,0,0.037881898,0,0.943943968,0,0.491672627,0.143762133,0.018174134,0.082354143,0,0.282211096,0,0,0,0,0,0,0
0485936,0,0,0,0,0,0,0,0,0,0,0,0,0,0.143358874,0,0,0,0.014463782,0.312399816,0.291648075,0.941052709,0.297076744
0485937,0.920127796,0.079872204,0,0,0,0,0,0,0,0.491672627,0.143762133,0,0.082354143,0.135994826,0.282211096,1,0,0.014463782,0.274635466,0.243120884,0.101834431,0.229950611
0485938,0,0,0,0,0,0,0,0,0,0,0,0,0,0.01027146,0,0,0,0.002934703,0.011005136,0.24651504,0.090242113,0.639031548
0485941,0,0,0,0,0,0.037881898,0,0.943943968,0,0,0,0.018174134,0,0,0,1,0,0,0,0,0,0
0486001,0.804091995,1.986538113,0,0,0,0.111111111,0.209369892,0.222222222,0,0.27874711,0.041517763,0.666666667,0.451755308,0,0.227979819,2,2,0,0,0,0,0
0486004,2.390133763,3.330340955,0,0.438637698,0.464768056,0.111111111,0.279525282,0.222222222,0.096594245,0,0,0.666666667,0,0,0,5,0,0,0,0,0,0
0486024,0.89915629,1.04222509,0,0,0,0,0.05861862,0,0,0,0,0,0,0,0,0,0,0,0,0,0,0
0486029,0,0,1,0,0,0,0,0,0,0,0,0,0,0.009803922,0,0,0,0.000377074,0.110859729,0.519607843,0.32918552,0.030165913
0486032,0,0,0,0,0,0,0,0,0,0,0,0,0,0,0,0,2,0,0,0,0,0
0486034,0,0,0,0,0,0,0,0,0,0,0,0,0,0,0,0,1,0,0,0,0,0
0486053,0,0,0,0,0,0,0,0,0,0,0,0,0,0.219227675,0,0,0,0,0,0.040225261,0.072807723,0.66773934
0486301,1.492403683,2.296927723,1,0.667368421,0.008421053,0,0.210668593,0,0.324210526,0.491672627,0.143762133,1,0.082354143,0.339057935,0.282211096,2,4,0.005192733,0.238253371,0.964014034,2.353171559,1.100310368
0486303,4.327551443,5.383656489,2,1.952046784,0.010526316,0,1.288792068,0,0.037426901,1.781293039,0.813993392,0,0.204662452,0.374415856,0.200051116,3,0,0.005946881,0.388599584,1.906343898,1.844340508,1.480353273
0486305,2.604900708,3.92229509,2,0.565758257,0.265537675,0.777777778,0.472804203,0,1.168704068,1.607054317,0.857602359,0.222222222,0.084686623,0.964068766,0.450656701,2,1,0.001880956,0.08212099,0.247677356,0.348029176,0.356222756
0486314,1.881140566,4.626974723,2,2.818940741,0.951074135,0.037881898,0.49188471,0.943943968,0.229985124,1.22920383,0.450673832,0.018174134,0.563337928,0.575611096,0.756784409,3,6,0.014840856,0.401398986,1.271816608,1.362433783,0.373898671
0486315,0.311401228,0.542754603,0,0.438637698,0.464768056,0.184673459,0.145844169,0.075973026,0.096594245,0,0,0.739353515,0,0.221165035,0,1,1,0.023864896,0.445455364,1.106451353,0.545130296,0.657933056
0486322,1.668324978,1.286169141,0,2.245357293,0.612436278,1.387159533,0.045505881,0.147859922,0.14220643,2.047786228,0.51282882,0.464980545,0.683540006,0,0.755844946,2,3,0,0,0,0,0
0486323,1.52902642,1.41235496,4,0,0,0,0.05861862,0,0,2.237228113,0.352382698,1,0.11730212,1.005126911,0.29308707,3,3,0.04985889,0.080635711,0.320168853,1.523057273,4.021152362
0486325,0.641418696,0.353772167,1,0,0,0,0.004809137,0,0,0,0,0,0,0.135994826,0,2,3,0.014463782,0.274635466,0.243120884,0.101834431,0.229950611
0486327,5.148214093,7.050317932,4,0.541948734,0.241728151,0.037881898,0.801467975,0.943943968,0.216323116,0.452913155,0.901347665,1.018174134,0.269532999,0.089772153,0.376206181,2,4,0.095613405,0.217049757,1.354380936,2.371904503,3.871279247
0486332,0,0,0,0,0,0,0,0,0,0,0,0,0,0,0,0,1,0,0,0,0,0
0486333,1.251024101,1.685450177,1,2.80311281,0.757999236,0.075763797,0.063525722,1.887887936,1.438887954,2.982054821,0.785088269,0.036348267,0.61467666,1.409711021,0.61818025,1,7,0.045613599,1.021060192,2.063757808,1.23929862,1.22055876
0486335,1.419459229,0.579242069,0,0.541948734,0.241728151,0.037881898,0.001298701,0.943943968,0.216323116,0,0,0.018174134,0,0,0,0,2,0,0,0,0,0
0486337,0,0,1,0,0,0,0,0,0,0,0,0,0,0,0,0,0,0,0,0,0,0
0486343,0.260346216,0.487117552,0,0,0,0,0.252536232,0,0,0,0,0,0,0,0,0,0,0,0,0,0,0
0486351,2.026157681,2.911723522,1,0,0,0,0.062118797,0,0,0,0,0,0,0,0,0,1,0,0,0,0,0
0486401,0,0,1,0,0,0,0,0,0,0,0,0,0,0.00620877,0,0,0,0,0.005820722,0.077997672,0.780946837,0.129025999
0486404,0.468098547,0.528111181,1,0,0,0,0.003790272,0,0,0,0,0,0,0,0,0,0,0,0,0,0,0
0486409,0.678699641,0.316214599,0,0,0,0,0.00508576,0,0,0,0,0,0,0,0,0,0,0,0,0,0,0
0486438,0.710743802,0.285123967,0,0,0,0,0.004132231,0,0,0,0,0,0,0,0,0,0,0,0,0,0,0
